id,domain,status,purchase_price,renewal_price,attractiveness,demand,length,registrar,created_at,expires_at,status_verified_at
e746d939-cd92-4a62-89e9-64cb14923f7a,elysian.sbs,premium,68.43,147.2,high,low,7,namesilo,,,16/08/2026 06:18
e820b32b-e375-49d1-a6e8-763eab310b7a,wastewater.sbs,available,1.54,25.98,medium,low,10,namecheap,,,15/08/2026 15:34
29be359f-430a-4ff0-83b8-34de130e0e49,males.sbs,premium,562.5,750,medium,low,5,name.com,,,18/09/2026 00:29
f8c77888-e602-454a-ba9d-01f921229b7d,rebuff.sbs,available,1.54,25.98,medium,low,6,namecheap,,,10/09/2026 10:49
992d4dd3-0626-46ba-9b2a-069699987d84,fundamentally.sbs,available,0.97,15.73,medium,low,13,spaceship,,,29/09/2026 20:57
7f6b9bf0-a11c-48ee-acdb-ea303e087853,mussy.sbs,available,1.54,25.98,medium,low,5,namecheap,,,24/08/2026 21:24
f7324301-5d8c-4fcd-9f48-3530bfb3f6a0,vanessa.sbs,premium,328.02,655.52,high,low,7,porkbun,,,28/09/2026 09:53
80683608-7b17-407a-aaee-db459b887aa5,lloyds.sbs,premium,310.7,621.2,high,medium,6,spaceship,,,30/09/2026 04:32
a1969c06-4341-42e8-86c3-53e78891d280,carte.sbs,premium,384,768,medium,low,5,namesilo,,,23/09/2026 16:04
3b9f0c93-2b4b-4b4c-a1d0-7537d164019a,unbeknown.sbs,available,1.54,25.98,medium,low,9,namecheap,,,12/09/2026 01:47
7cef8d68-ae95-459a-88e9-bfed7cb15fca,illusion.sbs,premium,68.43,147.2,high,low,8,namesilo,,,24/09/2026 16:35
77116cbf-3642-4b39-a2eb-689b673ad156,auditory.sbs,available,1.88,19.49,high,low,8,namesilo,,,22/09/2026 12:39
bd109332-7c0f-45d3-9f02-e41f9b990dc5,wilton.sbs,premium,310.7,621.2,high,low,6,spaceship,,,30/09/2026 19:06
15072741-858b-413a-8f25-c38e972de074,bewitching.sbs,available,1.54,25.98,medium,low,10,namecheap,,,09/08/2026 18:19
d2696e00-8fb2-4b82-959d-a7fb1afac65d,hangs.sbs,premium,310.7,621.2,low,low,5,spaceship,,,28/09/2026 08:56
11b2d97c-4fcc-4315-8d74-51f50df080cf,leukaemia.sbs,available,1.54,25.98,medium,low,9,namecheap,,,24/09/2026 11:59
b6e74142-cbbc-4399-a867-d6fee53d31a8,carla.sbs,premium,384,768,high,low,5,namesilo,,,27/09/2026 07:21
941bd227-aa3d-42e6-a3a4-52e216c14e4b,ankus.sbs,available,1.88,19.49,medium,low,5,namesilo,,,19/09/2026 09:49
04c3321b-f1ae-4d50-a312-264dfde54737,volcanic.sbs,premium,68.43,147.2,high,low,8,namesilo,,,13/09/2026 06:48
b27e713e-6fe1-444b-9b7d-10bf6e4736da,twitter.sbs,premium,310.7,621.2,high,low,7,spaceship,,,29/09/2026 08:45
ed625017-1f28-471b-94d2-e364cfc22e00,billfold.sbs,available,1.88,19.49,high,low,8,namesilo,,,23/09/2026 16:16
6afd32d1-eac8-4831-b1f1-5f8a4d65fa13,celebration.sbs,premium,74.75,149.5,high,low,11,namecheap,,,27/09/2026 02:20
b125ef1c-de44-4832-959a-a0b39bdd7a78,protester.sbs,premium,192,384,medium,low,9,namesilo,,,14/08/2026 12:41
9148f8e8-d846-4c2a-970f-5b4613728ec7,dakota.sbs,premium,43.65,86.77,high,low,6,porkbun,,,28/09/2026 13:51
c99d9a88-768c-490f-8231-09d0d53d90ca,dialect.sbs,available,0.97,15.73,high,low,7,spaceship,,,29/09/2026 18:37
2c44f338-3ae6-4a7e-a6ae-32feb7fb2261,bestowed.sbs,available,0.97,15.73,medium,low,8,spaceship,,,30/09/2026 14:44
35eabd5a-7193-4409-aef2-f1dd4e7d3c18,horrors.sbs,available,1.88,19.49,medium,low,7,namesilo,,,30/09/2026 00:17
70fc35dd-0224-4223-bc0a-3ad8f8546814,dodson.sbs,premium,328.02,655.52,medium,low,6,porkbun,,,29/09/2026 22:21
861782cb-0a42-443d-84f1-70fb2e3b57d0,finance.sbs,premium,328.02,655.52,high,medium,7,porkbun,,,30/09/2026 15:58
1bcc56eb-51be-4f89-900e-363b3480c3f6,argos.sbs,premium,384,768,high,medium,5,namesilo,,,20/09/2026 04:43
aa60dc1c-fa0b-4e7a-8a61-ce992342e218,jade.sbs,premium,384,768,high,low,4,namesilo,,,22/08/2026 11:50
188e42c0-5343-4239-9189-d3a745a2eaea,specular.sbs,available,1.54,25.98,medium,low,8,namecheap,,,25/08/2026 01:15
7859e0ce-1893-4dfb-8cf4-b25f554ff741,judd.sbs,premium,46.61,94.8,medium,low,4,namesilo,,,27/09/2026 07:52
fb42c4ce-99b2-4cd8-9d6c-8876438d12ff,gibbs.sbs,premium,384,768,high,low,5,namesilo,,,25/09/2026 06:33
f9e289b8-6c12-4551-adc7-e8ff89c2f594,repulse.sbs,available,1.54,25.98,high,medium,7,namecheap,,,10/09/2026 12:48
d7573819-99a9-4cc1-92db-4cf1d49da61d,rutland.sbs,premium,74.75,149.5,medium,low,7,namecheap,,,27/09/2026 05:16
a8fb7bf6-6fc4-4e4f-94fd-afe9f2739703,forty.sbs,available,,,high,low,5,,,,
5d6af079-641c-44f2-9d0f-0a6a088d1ab7,jazz.sbs,premium,330,660,high,low,4,dynadot,,,29/09/2026 20:07
e3b2aa54-0b66-42b1-8f85-f85731597837,triplet.sbs,premium,68.43,147.2,medium,low,7,namesilo,,,
f274629d-deee-4979-b02f-096fa1c04a5d,initiate.sbs,available,1.54,25.98,high,low,8,namecheap,,,17/08/2026 09:35
7cd20272-7443-4135-840b-93a97435e13a,abeyance.sbs,available,1.88,19.49,medium,low,8,namesilo,,,16/09/2026 15:20
0c19c63a-099c-4ca5-94fc-c920aeea3993,possession.sbs,premium,59.71,119.23,high,low,10,spaceship,,,30/09/2026 05:10
bdb52873-14c7-4ee8-a626-6172179bd995,chance.sbs,premium,384,768,high,low,6,namesilo,,,23/09/2026 13:44
527b685a-6f3b-4309-ab0d-aba0a250dee6,kathy.sbs,premium,41.08,81.97,high,low,5,spaceship,,,27/09/2026 19:14
9c9aa98a-fd3e-439a-9743-7f8734537e81,plato.sbs,premium,384,768,high,low,5,namesilo,,,29/09/2026 13:42
8a20f3d1-e35a-4834-938f-b898ca98fce3,patriotism.sbs,available,0.97,15.73,high,low,10,spaceship,,,30/09/2026 05:24
69c9d3dd-888f-4b0f-92c5-2a9920d93a5e,amphora.sbs,available,1.88,19.49,high,low,7,namesilo,,,18/09/2026 23:34
f199ca05-f606-429b-addb-e6309efcb8cc,carpetbag.sbs,available,1.54,25.98,medium,low,9,namecheap,,,11/08/2026 19:44
43cb8b9d-2eb0-490d-87ca-b429485c3cd2,carangid.sbs,available,1.54,25.98,medium,low,8,namecheap,,,11/08/2026 18:31
2b6d3405-d291-4ec0-8f57-6f34ab89e950,baden.sbs,premium,384,768,medium,low,5,namesilo,,,25/09/2026 13:59
bc495231-a920-4731-8992-216eb78ee760,riyadh.sbs,premium,384,768,high,low,6,namesilo,,,29/09/2026 06:50
c742cadc-ad43-4cff-a3c1-4501818ef26f,waken.sbs,available,1.54,25.98,high,low,5,namecheap,,,08/08/2026 00:08
633f20d9-8a1c-4081-beee-e082a21b6785,enrollment.sbs,available,1.88,19.49,high,low,10,namesilo,,,28/09/2026 02:45
3b2447d8-db42-445c-a8a5-b3bc3b5dedbd,highbrow.sbs,available,1.54,25.98,medium,low,8,namecheap,,,21/08/2026 09:09
b26be429-8046-4534-a4b3-9dfa09d2e5d7,weaken.sbs,available,0.97,15.73,high,low,6,spaceship,,,29/09/2026 18:30
6beb4fd3-e5ad-4cae-a5c4-7555b5d3bad7,flew.sbs,premium,46.61,94.8,high,low,4,namesilo,,,30/09/2026 22:39
69828936-f88a-4666-8ee7-230d583c7c37,restrict.sbs,premium,68.43,147.2,medium,low,8,namesilo,,,19/09/2026 17:10
9d9f946f-fd7c-4cd8-a7c4-f038dbda8fee,fluently.sbs,available,1.54,25.98,high,low,8,namecheap,,,14/09/2026 19:08
1cce0e01-5e36-4fa0-bd0e-018b81f13ad2,meredith.sbs,premium,46.61,94.8,high,low,8,namesilo,,,25/09/2026 06:29
800638ed-af18-4a62-bb83-653f9639e80c,waterhouse.sbs,premium,41.08,81.97,medium,low,10,spaceship,,,28/09/2026 21:43
ea644ec1-0d31-4929-ae28-6762cc87eb27,muhammadan.sbs,available,1.54,25.98,medium,low,10,namecheap,,,25/08/2026 03:21
6434ed8f-426a-4d0f-bd6a-7267bdd88305,alerting.sbs,available,1.88,19.49,high,low,8,namesilo,,,18/09/2026 05:27
9c701c84-e3bc-4d07-a05c-76d2026e00b0,palpitant.sbs,available,1.54,25.98,medium,low,9,namecheap,,,05/09/2026 00:17
4e9445a1-87b7-467c-8533-56335cf3a291,spirituality.sbs,premium,63.3,126.07,high,low,12,porkbun,,,30/09/2026 06:12
3f361cb6-6d12-4013-b635-3856d6329ab3,someway.sbs,available,1.54,25.98,medium,low,7,namecheap,,,15/09/2026 06:46
fb9f3ed5-7146-4006-99fb-5a591c821e41,teddy.sbs,premium,384,768,high,low,5,namesilo,,,24/09/2026 14:16
6873c3d3-2867-4f2f-88b5-2c34b7617cb4,cato.sbs,premium,310.7,621.2,high,low,4,spaceship,,,28/09/2026 07:17
7783ad5f-8a6a-44ec-b274-712106f95395,berk.sbs,premium,13,26,medium,low,4,namecheap,,,23/09/2026 09:31
7e10044b-1292-4ae5-8ec5-8879b1743722,longhand.sbs,available,1.54,25.98,high,low,8,namecheap,,,13/08/2026 11:38
8a202591-7090-4425-94f1-e0380c8dd855,stoned.sbs,premium,390,780,medium,low,6,namecheap,,,10/09/2026 21:10
6809a9a0-4073-46e9-9061-1048c127a738,yogurt.sbs,premium,384,768,high,low,6,namesilo,,,28/09/2026 02:43
c5488f1a-6a23-45c0-bdf4-b9c02def06bf,latrobe.sbs,premium,390,780,medium,low,7,namecheap,,,23/09/2026 08:20
252dda0a-fb2e-4623-a151-6c9453e070fd,shoaly.sbs,available,1.54,25.98,high,medium,6,namecheap,,,09/09/2026 12:31
b403c7c9-5bcf-47d3-a7a6-841640bdc44b,gunpowder.sbs,available,1.88,19.49,high,low,9,namesilo,,,29/09/2026 12:59
fc0b6077-10e7-468e-bb4d-ffaf28ff6a5c,nomination.sbs,available,1.88,19.49,high,low,10,namesilo,,,28/09/2026 14:58
da56726e-95db-4691-8a93-35a4799fed6b,redesign.sbs,premium,74.75,149.5,high,low,8,namecheap,,,30/09/2026 19:12
6bf9e183-bcac-408f-b974-cb29b9906602,screech.sbs,available,1.54,25.98,high,low,7,namecheap,,,09/09/2026 23:57
147f6f32-0889-4541-a8a9-4c6193073de0,unassured.sbs,available,1.54,25.98,medium,low,9,namecheap,,,12/09/2026 01:14
6398c9ed-732f-4881-b312-98cccdf226ae,barking.sbs,premium,68.43,147.2,medium,low,7,namesilo,,,28/09/2026 11:18
cef64e99-4958-40a2-a446-fa7c1da05a11,rodents.sbs,available,0.97,15.73,low,low,7,spaceship,,,30/09/2026 15:36
bb3ce3f8-7e34-4d51-993f-950e194b48db,deeds.sbs,premium,310.7,621.2,high,low,5,spaceship,,,27/09/2026 12:56
90ddf0e0-403f-438f-9750-7abd9c9be700,tomas.sbs,premium,310.7,621.2,medium,low,5,spaceship,,,28/09/2026 04:37
8e6b23a2-6725-450f-a383-8754af886aa1,colloidal.sbs,available,1.54,25.98,medium,low,9,namecheap,,,12/08/2026 17:12
4fb03e77-c3e8-458b-90df-d0e254763a87,harlow.sbs,premium,310.7,621.2,high,low,6,spaceship,,,28/09/2026 05:57
2be60e34-12dc-4b30-a5ad-82e1aef3b367,gustave.sbs,available,1.99,16.27,medium,low,7,dynadot,,,28/09/2026 09:09
1fe7ef70-40aa-4d76-beea-401cddee1527,berliner.sbs,premium,46.61,94.8,high,low,8,namesilo,,,23/09/2026 09:38
f820c233-a0c5-4510-808c-13dd8c43d702,mace.sbs,premium,13,26,high,low,4,namecheap,,,29/09/2026 06:21
2eeed06f-354e-4423-8d8f-38e86bc3f2ae,adventurous.sbs,premium,59.71,119.23,high,low,11,spaceship,,,29/09/2026 14:20
fe482470-7f6a-496a-bac4-95295133b7f0,discreet.sbs,premium,68.43,147.2,high,low,8,namesilo,,,12/08/2026 08:23
5c9bd871-ba48-4040-bd08-868b4cba72d6,acerate.sbs,available,1.54,25.98,medium,low,7,namecheap,,,
cd828958-4613-411c-81a2-53c53126cd56,acetonic.sbs,available,1.54,25.98,medium,low,8,namecheap,,,
3187a44a-a39f-4eae-b28d-998dec176405,horace.sbs,premium,384,768,high,low,6,namesilo,,,28/09/2026 02:07
5887db61-362c-4ef2-9b0f-4f74bc3c289a,ballard.sbs,premium,384,768,high,low,7,namesilo,,,29/09/2026 22:22
75f40e31-158b-4603-8dac-98a2d31fcbee,fumble.sbs,available,1.88,19.49,high,low,6,namesilo,,,30/09/2026 16:28
9350b92b-f482-42d3-92cf-86f2b906c996,inbred.sbs,available,1.54,25.98,medium,low,6,namecheap,,,22/08/2026 00:42
5b02ff60-f2ff-447f-b2bb-c61f28e7c6b6,abbott.sbs,premium,310.7,621.2,high,low,6,spaceship,,,27/09/2026 17:56
0aca88b7-8224-434a-9b55-7e8c2a84f1d5,uterine.sbs,available,1.54,25.98,medium,low,7,namecheap,,,13/09/2026 00:02
1c74e3cc-0022-44e6-9f9a-7415fc3414a9,chongqing.sbs,premium,390,780,medium,low,9,namecheap,,,30/09/2026 09:09
6cd79d00-9608-4b31-93d6-22ac760d397d,specify.sbs,available,1.99,16.27,high,low,7,dynadot,,,29/09/2026 20:40
4c72948e-1c3f-4536-9320-79d71b2511de,pilgrims.sbs,premium,59.71,119.23,medium,low,8,spaceship,,,29/09/2026 11:05
dcafaf8c-fcab-48a9-8dfe-6bcf6f67b106,significant.sbs,premium,68.43,147.2,high,low,11,namesilo,,,01/10/2026 01:29
b28dbcf0-6f82-47c4-937f-1edba6fd00ea,heptad.sbs,available,1.54,25.98,medium,low,6,namecheap,,,
818992d9-8aee-409e-8aff-ad15bee91dca,jockstrap.sbs,available,1.54,25.98,high,low,9,namecheap,,,20/09/2026 21:10
5b1cb5e7-084e-409b-acdf-5863e272136f,extrinsic.sbs,available,1.54,25.98,medium,low,9,namecheap,,,17/08/2026 19:37
677f7a74-b3a2-4d46-acde-c556ef0c611a,judicious.sbs,available,1.54,25.98,high,low,9,namecheap,,,21/08/2026 02:00
236f8aef-01e2-410a-9676-d3caf13f8aac,occipital.sbs,available,1.54,25.98,medium,low,9,namecheap,,,04/09/2026 00:11
7bc6557d-fa88-4b82-b478-03eb617db7d2,lesley.sbs,premium,310.7,621.2,medium,low,6,spaceship,,,28/09/2026 21:55
74617870-b9ce-41c5-8631-a5ce6627a6c6,exultant.sbs,premium,68.43,147.2,high,low,8,namesilo,,,17/08/2026 19:42
57f31ecd-9973-4964-8904-5c2e9c601865,erectile.sbs,available,1.54,25.98,medium,low,8,namecheap,,,17/08/2026 12:07
8fe108a3-3608-4fe4-9fe1-0754c3c6827d,recall.sbs,premium,390,780,high,low,6,namecheap,,,24/09/2026 11:46
1b550033-7ca5-4d1c-80b0-64f77874b788,thy.sbs,premium,310.7,621.2,medium,low,3,spaceship,,,28/09/2026 15:36
9fdff252-c97c-43a9-9c7b-ab25849ee0f0,hydroxy.sbs,available,1.54,25.98,medium,low,7,namecheap,,,21/08/2026 16:25
6851bfb3-f63e-4131-be4a-e2402da40909,obstinate.sbs,available,1.54,25.98,medium,low,9,namecheap,,,13/08/2026 12:17
631a5ebf-ebc0-432e-9ffc-80b6c0f6b852,sumatran.sbs,available,1.54,25.98,high,low,8,namecheap,,,11/09/2026 01:31
43d914a9-d521-4f83-8d9d-635915741474,onshore.sbs,available,1.54,25.98,high,low,7,namecheap,,,22/08/2026 06:55
cc763743-74b2-4eb8-893e-5c3a970f4992,playstation.sbs,premium,310.7,621.2,high,high,11,spaceship,,,29/09/2026 02:20
40e1857e-ca9d-4d4e-b46a-6df3359870b6,red.sbs,premium,384,768,high,medium,3,namesilo,,,22/09/2026 22:22
82ced474-cc0e-4fc5-9c4e-33117cbda52b,laotian.sbs,available,1.54,25.98,medium,low,7,namecheap,,,22/08/2026 19:36
fd61e3f0-571f-4062-8c80-cda6758d160f,nourishing.sbs,available,1.54,25.98,high,low,10,namecheap,,,19/09/2026 17:50
f28d4d25-d321-4cf1-9673-166acfe1fe77,recycling.sbs,premium,330,660,high,low,9,dynadot,,,28/09/2026 20:17
e5683390-ea4a-4fbe-ba36-5dd518f6e2e8,steamed.sbs,available,1.54,25.98,high,low,7,namecheap,,,
b3a2236a-346a-49de-9f42-f201a27d5edf,danville.sbs,premium,59.71,119.23,high,low,8,spaceship,,,28/09/2026 04:20
4f54caf8-8848-4228-9d24-27e8914004b0,housewives.sbs,premium,165,330,medium,low,10,dynadot,,,30/09/2026 07:09
5854415b-8749-49b7-8bea-af2158de653a,suggestions.sbs,premium,195,390,medium,low,11,namecheap,,,17/09/2026 12:49
50ffeb4e-c753-4786-891d-779a020bea0c,hellish.sbs,available,1.54,25.98,medium,low,7,namecheap,,,09/08/2026 04:59
dd29c5ad-a7be-4b73-a882-7876f935e085,gist.sbs,premium,46.61,94.8,high,low,4,namesilo,,,14/09/2026 23:42
c2a5cdef-12de-4f27-9929-da943587e694,repellent.sbs,available,1.54,25.98,medium,low,9,namecheap,,,14/08/2026 10:39
a6810971-3f66-49c8-bb3f-ffdda180875f,baja.sbs,premium,11.8,23.6,medium,low,4,namesilo,,,29/09/2026 21:54
9584f7f6-3200-4749-992d-4c88bf418582,unexciting.sbs,available,1.54,25.98,medium,low,10,namecheap,,,12/09/2026 09:32
aa18394a-3763-4655-a018-1baf656763af,findings.sbs,available,0.97,15.73,medium,low,8,spaceship,,,28/09/2026 19:12
8fd482ca-5147-45cd-88c7-7f65ddf54c74,employ.sbs,premium,384,768,high,low,6,namesilo,,,08/09/2026 13:39
5ffbd219-c31a-4649-ac1e-a604f7b9df55,algid.sbs,available,1.54,25.98,medium,low,5,namecheap,,,
20cd1dbf-b8f3-4229-9b82-c5765e07d4a5,annuity.sbs,premium,384,768,high,low,7,namesilo,,,19/09/2026 10:58
fddcb5d3-3878-4cb6-b71b-a8d788c60253,lighter.sbs,premium,68.43,147.2,high,low,7,namesilo,,,22/09/2026 05:44
84ab5d8d-34de-40de-b5ea-778472333ca0,deb.sbs,premium,330,660,medium,low,3,dynadot,,,29/09/2026 06:35
a4929166-0b82-4a6e-a13f-26bef8b04ed0,digestion.sbs,available,1.88,19.49,high,low,9,namesilo,,,30/09/2026 01:19
2bde3e54-8341-4b44-ab80-d63b4f1659f7,arguer.sbs,available,1.88,19.49,medium,low,6,namesilo,,,20/09/2026 04:46
b868f841-5738-40e1-9bf6-dfa2d7a83190,janine.sbs,premium,384,768,high,low,6,namesilo,,,30/09/2026 13:20
10475147-3903-458b-879c-a2d8082d697f,hampton.sbs,premium,384,768,high,low,7,namesilo,,,25/09/2026 06:48
ef88b2d2-d0e4-4ee2-a75c-3191bc53a2cf,martini.sbs,premium,74.75,149.5,high,low,7,namecheap,,,28/09/2026 14:50
25ced9ed-cdd7-4ed3-9c83-65d9d2f56b2d,unarmed.sbs,premium,68.43,147.2,medium,low,7,namesilo,,,12/09/2026 01:00
e67c9be9-bf81-47fc-87a8-e7d42e033ce4,bicycler.sbs,available,1.54,25.98,medium,low,8,namecheap,,,23/09/2026 13:23
89680c3d-c41b-4e4c-8bdf-84197631f76d,irrelevant.sbs,available,1.54,25.98,high,low,10,namecheap,,,25/09/2026 11:28
400f7df2-16e4-42fd-9ff9-659e9f71e75c,build.sbs,premium,384,768,high,medium,5,namesilo,,,24/09/2026 06:26
77f602cf-4b00-4e1b-a22f-5bd6d43af751,undesigned.sbs,available,1.54,25.98,medium,low,10,namecheap,,,12/09/2026 07:46
779f247e-5f47-4bf7-a344-ac6f1da04b99,yobo.sbs,premium,11.8,23.6,medium,low,4,namesilo,,,11/08/2026 08:48
a58cec7b-dcf4-4eb0-8cc8-365cc462d071,gosh.sbs,premium,384,768,high,low,4,namesilo,,,30/09/2026 11:39
a654e805-4da9-4f12-96a5-c30abdff044f,conceived.sbs,available,0.97,15.73,medium,low,9,spaceship,,,28/09/2026 22:54
49f2e18d-626f-4368-8cf0-fe54e63f14b2,said.sbs,premium,384,768,high,low,4,namesilo,,,30/09/2026 23:01
fdf0e302-8f71-43eb-aa9a-5c5540ad5735,rheologic.sbs,available,1.54,25.98,medium,low,9,namecheap,,,09/09/2026 16:35
b6f4c980-e9a6-4d92-b279-06f8117e2e07,taco.sbs,premium,11,22,high,low,4,dynadot,,,29/09/2026 21:33
36257c5e-9894-44b2-aa1e-339fc45bf591,formalise.sbs,available,1.54,25.98,high,low,9,namecheap,,,30/09/2026 19:59
b950e48d-2217-4f75-8ce8-f3d9a637aec3,incompatible.sbs,premium,16.52,33.04,medium,low,12,namesilo,,,
ad095657-60be-4d4a-814c-332f9cab6f7c,automatic.sbs,premium,68.43,147.2,high,low,9,namesilo,,,22/09/2026 14:02
a940b757-2eac-4dfd-9379-d9804bf3e56b,pummel.sbs,available,1.88,19.49,medium,low,6,namesilo,,,23/09/2026 13:52
cf2d22d9-4549-4758-83cb-fb9924262dd3,secured.sbs,premium,141.44,282.88,high,low,7,namesilo,,,
7d12c189-0049-4ea0-a443-8246a1c5ef20,metropolis.sbs,premium,192,384,high,low,10,namesilo,,,30/09/2026 01:03
90be9866-a2b3-48f4-a5ff-8e0289104682,pane.sbs,premium,11.8,23.6,high,low,4,namesilo,,,21/09/2026 14:30
8bc50acf-0bd2-4177-b359-2b1ed1782a7e,parkes.sbs,premium,46.61,94.8,medium,low,6,namesilo,,,29/09/2026 22:23
e40b15e0-5083-4d22-9411-e441e7234445,praetorial.sbs,available,1.54,25.98,high,medium,10,namecheap,,,09/09/2026 00:59
13a17197-61ae-453a-9dae-a70eb7751c8e,iodin.sbs,available,1.54,25.98,medium,low,5,namecheap,,,21/08/2026 17:26
14f3179a-8fe3-4987-b5b5-fa940118150c,unifying.sbs,available,1.54,25.98,high,low,8,namecheap,,,12/08/2026 22:44
6d6873ea-1123-4722-a626-1a842a90369e,albinism.sbs,available,1.88,19.49,medium,low,8,namesilo,,,18/09/2026 02:54
7896c40b-7897-4c15-9a78-79033c664022,uut.sbs,premium,195,390,medium,low,3,namecheap,,,20/09/2026 22:17
da2d0469-d505-4fd0-8f7e-ef976740a842,confirming.sbs,available,1.54,25.98,high,low,10,namecheap,,,23/09/2026 19:45
82039fc7-ae73-4351-91bc-037b41fd9ca2,pavlova.sbs,available,1.88,19.49,medium,low,7,namesilo,,,19/09/2026 10:01
d7a68a50-d2c0-4b6e-ad37-f1e17bffb1a7,blunted.sbs,available,1.54,25.98,medium,low,7,namecheap,,,10/08/2026 16:17
0a78ce93-d640-4746-a705-1444743c2428,twice.sbs,premium,310.7,621.2,medium,low,5,spaceship,,,28/09/2026 14:37
c4925e05-ec2e-4f97-824d-8c7104141a75,wastefully.sbs,available,1.54,25.98,medium,low,10,namecheap,,,15/09/2026 21:36
f6683abe-6307-4c57-afd1-7743a4d60c34,ethnicity.sbs,premium,165,330,high,low,9,dynadot,,,01/10/2026 01:57
ed8fd97a-8d36-4fdc-9391-7f7167c97b40,novi.sbs,premium,41.08,81.97,high,low,4,spaceship,,,28/09/2026 21:12
c040bb29-a55d-4555-b3e8-784072d4cb6d,physic.sbs,available,1.88,19.49,medium,low,6,namesilo,,,28/09/2026 07:44
f6e14325-831c-4d29-82cf-d7bd46abfa41,standardize.sbs,available,1.49,,high,low,11,name.com,,,
d955d243-a5a6-4ab2-a578-0926a6688705,uppercase.sbs,premium,68.43,147.2,high,low,9,namesilo,,,25/09/2026 16:20
cdfad2ef-c4b7-4a35-a49c-e010fadd0dec,goodwin.sbs,premium,141.44,282.88,high,low,7,namesilo,,,
60579da7-625c-4e9d-8332-53ffc37dea39,demonstrations.sbs,available,1.49,,medium,low,14,name.com,,,
aa00a7b6-936c-40cc-9154-07468c58b05b,sabine.sbs,premium,384,768,high,medium,6,namesilo,,,09/09/2026 20:34
3d912021-4d9b-4344-8823-38dde4f1c9d7,draconian.sbs,premium,74.75,149.5,medium,low,9,namecheap,,,14/08/2026 18:10
7525f5f1-1186-4908-a910-c4e1a18f862b,sinhalese.sbs,available,1.54,25.98,high,medium,9,namecheap,,,10/09/2026 08:23
b17c91fb-9d90-41a5-a061-a78d849cbfd6,tale.sbs,premium,46.61,94.8,high,low,4,namesilo,,,03/09/2026 13:20
1f1369d3-cc20-4c26-9146-7c9d40734f4c,resiny.sbs,available,1.54,25.98,medium,low,6,namecheap,,,09/09/2026 15:15
621d79e7-7c6c-41e1-8da4-09a76e9d3b8b,iona.sbs,premium,46.61,94.8,high,low,4,namesilo,,,29/09/2026 22:09
d280a386-6786-4127-9340-482542708e0d,marti.sbs,premium,390,780,high,low,5,namecheap,,,30/09/2026 10:19
71f2e554-0175-4d3b-be12-817490837f64,focal.sbs,premium,384,768,high,low,5,namesilo,,,18/08/2026 09:44
918dd9dc-f69d-4283-987c-8a0a6ab5fa13,experimented.sbs,available,0.97,15.73,medium,low,12,spaceship,,,30/09/2026 07:34
457cff8b-042c-4cc9-9090-f95ea66e5582,aphis.sbs,available,1.88,19.49,medium,low,5,namesilo,,,19/09/2026 17:05
e15dafca-6157-4a55-918f-a67872a7a410,scales.sbs,premium,390,780,high,low,6,namecheap,,,29/09/2026 09:18
7a7fee4e-2576-4bb5-896f-443b7292961b,dependence.sbs,available,1.88,19.49,medium,low,10,namesilo,,,17/09/2026 06:54
e1c7be8e-c3b4-4a17-a609-f350dbca0c38,supernal.sbs,available,1.54,25.98,medium,low,8,namecheap,,,11/09/2026 02:23
c24777f9-540d-4735-9a1f-47afbc615cd5,mitt.sbs,premium,384,768,medium,low,4,namesilo,,,22/09/2026 10:08
7746efdc-ebb6-4960-b3e1-8bf509c685e6,francs.sbs,available,1.88,19.49,low,low,6,namesilo,,,28/09/2026 13:09
43d23d88-cec4-4683-b1ec-c334346d3cf4,implicitly.sbs,available,1.54,25.98,medium,low,10,namecheap,,,15/09/2026 02:29
3e515808-10a9-4993-8731-864b9896fbf0,sixth.sbs,available,1.54,25.98,high,low,5,namecheap,,,
a8039749-b053-48ed-ac9e-1736494f6aa2,tore.sbs,premium,41.08,81.97,medium,low,4,spaceship,,,30/09/2026 03:02
c90a64bf-175b-47f6-af4c-43cd0d20cd53,llb.sbs,premium,384,768,medium,low,3,namesilo,,,21/09/2026 14:13
421eb7ea-1e97-4111-8119-00e281d9502a,scruffy.sbs,available,1.54,25.98,medium,low,7,namecheap,,,10/09/2026 00:25
575e1952-ec37-47de-a1f9-42acf79e136d,galileo.sbs,premium,328.02,655.52,high,low,7,porkbun,,,29/09/2026 12:27
77b83024-9c64-486d-b741-b433b1d28a5e,discovers.sbs,available,1.88,19.49,low,low,9,namesilo,,,29/09/2026 11:07
812a1232-302a-4a0d-930c-828bc34039fc,darkling.sbs,available,1.99,31.99,medium,low,8,name.com,,,13/08/2026 18:16
5a5c13b1-94c0-42a1-9d10-1d3815589d8a,dire.sbs,premium,46.61,94.8,medium,low,4,namesilo,,,14/08/2026 08:44
cf684ca6-4611-4690-ab31-fde2029b2226,abounding.sbs,available,1.54,25.98,high,low,9,namecheap,,,
9c29d39d-7fa6-43c1-8efe-11603c73c340,connoisseur.sbs,premium,192,384,high,low,11,namesilo,,,29/09/2026 02:31
6d8eae1e-58d6-4bd3-9143-c844101e45c9,transmitter.sbs,available,1.88,19.49,high,low,11,namesilo,,,28/09/2026 15:46
5c2a7fd9-dfde-4cb8-95e0-caf62391078d,binful.sbs,available,1.54,25.98,medium,low,6,namecheap,,,23/09/2026 17:14
3b34ac4e-7f2d-4a20-83e3-6a9d007800f8,birdsong.sbs,premium,74.75,149.5,high,low,8,namecheap,,,23/09/2026 20:37
41370794-e5f8-4ed2-9fd8-4d70f6f915f8,kilogram.sbs,available,1.88,19.49,high,low,8,namesilo,,,30/09/2026 01:44
e7b898d8-6f2f-4153-8cb5-bb0e6b3b2813,stonelike.sbs,available,1.54,25.98,medium,low,9,namecheap,,,08/09/2026 18:26
5bc79418-40f1-4b57-b3ac-9eccf0a43c73,obstruction.sbs,available,0.97,15.73,medium,low,11,spaceship,,,28/09/2026 17:02
47750982-8fe0-4640-8844-bc5e3872f42d,kneel.sbs,premium,310.7,621.2,high,low,5,spaceship,,,30/09/2026 10:21
ad3edc87-606e-4e38-a51f-c90629229676,experient.sbs,available,1.54,25.98,medium,low,9,namecheap,,,17/08/2026 18:12
d9bb8800-6937-4c68-8add-9d922490f0e3,disgusting.sbs,premium,68.43,147.2,medium,low,10,namesilo,,,14/08/2026 10:32
02f21544-1db8-4cbd-adae-404fc17c5606,eighteen.sbs,premium,68.43,147.2,high,low,8,namesilo,,,21/09/2026 11:58
46877247-3ddc-44b2-95b0-b3a20408b798,casting.sbs,premium,68.43,147.2,high,low,7,namesilo,,,28/09/2026 08:56
0587a007-d10f-4df7-b021-68c2540109fc,without.sbs,premium,155.45,310.7,high,low,7,spaceship,,,30/09/2026 23:19
789c05a2-8658-48c1-a7c5-436ed66443ec,prideful.sbs,available,1.54,25.98,medium,low,8,namecheap,,,17/08/2026 19:48
2c8595d8-03d7-4af1-b705-dd75ddb10b2d,roving.sbs,available,1.54,25.98,high,low,6,namecheap,,,25/08/2026 02:22
665c869d-d289-40ec-9f7e-cacb2255da18,authority.sbs,premium,384,768,high,low,9,namesilo,,,17/09/2026 17:02
9e27f365-9722-40ed-8018-1f38a82ae7df,projects.sbs,premium,63.25,126.5,high,low,8,dynadot,,,28/09/2026 08:54
e2d6e6e2-8dbd-4c36-b6c6-fb3eacd29256,reese.sbs,premium,330,660,high,low,5,dynadot,,,27/09/2026 20:02
fcd05667-746c-4fe6-b3b5-73e581365950,azide.sbs,available,1.88,19.49,medium,low,5,namesilo,,,21/09/2026 11:12
5cd8d30c-e714-4db1-b4b6-ec7d217c4336,mendelian.sbs,available,1.54,25.98,medium,low,9,namecheap,,,24/08/2026 20:06
c675dc84-8c03-499b-990d-715e70bd009c,colombo.sbs,premium,68.43,147.2,high,low,7,namesilo,,,29/09/2026 07:00
8db52d7e-3aab-42eb-a060-476f8d0638de,dismissive.sbs,available,1.54,25.98,medium,low,10,namecheap,,,14/08/2026 11:49
990d9026-f969-4896-90e6-a3e635b8d33e,pla.sbs,premium,310.7,621.2,high,low,3,spaceship,,,27/09/2026 18:08
fc382117-0b1b-43db-a239-d007df934c12,among.sbs,premium,384,768,high,low,5,namesilo,,,30/09/2026 22:57
f3d981c6-b248-450c-b0e6-30ae40869cb3,capillary.sbs,available,1.54,25.98,high,low,9,namecheap,,,11/08/2026 17:53
aea35c6c-6825-460c-8ad1-98c0634721db,nidifugous.sbs,available,1.54,25.98,medium,low,10,namecheap,,,03/09/2026 17:08
88306ee2-07ec-43cc-b4fe-b4371703b4a5,turk.sbs,premium,10.55,20.9,high,low,4,spaceship,,,29/09/2026 08:16
dad343f3-303d-41ed-8007-f55588592af1,biography.sbs,premium,390,780,high,low,9,namecheap,,,23/09/2026 18:09
1bcdfb6c-912b-48fa-851a-c3b52dd0b770,ironic.sbs,premium,384,768,high,low,6,namesilo,,,25/09/2026 11:21
c079ac43-c85e-4760-a115-ad020e7652e8,bistre.sbs,available,1.88,19.49,medium,low,6,namesilo,,,23/09/2026 22:12
c176d8aa-b0df-43e1-bd0d-5cc940f34ce1,tantrik.sbs,available,1.54,25.98,medium,low,7,namecheap,,,11/09/2026 08:07
f34f1da8-d62a-4da9-ba8e-9abd5c975de3,bondage.sbs,premium,59.71,119.23,high,low,7,spaceship,,,29/09/2026 18:02
3364bb88-00e4-4c04-b78a-34bb94824cb3,says.sbs,premium,46.61,94.8,medium,low,4,namesilo,,,
a5014dcf-5179-48b6-b8e2-be72b4c37d7a,planetarium.sbs,premium,68.43,147.2,high,low,11,namesilo,,,
f7b32c4a-e304-4c59-8522-380207d2fa9a,yamamoto.sbs,premium,41.08,81.97,medium,low,8,spaceship,,,28/09/2026 19:31
efa0d494-e8a5-4b5d-af5a-72c299ea63ad,chimp.sbs,premium,390,780,high,low,5,namecheap,,,24/09/2026 14:40
91470962-6200-434e-b438-003eee9c5108,mediate.sbs,available,1.54,25.98,high,low,7,namecheap,,,21/08/2026 23:37
dfc0794c-85f5-412d-8ea9-2322158c65e0,inheritance.sbs,premium,192,384,high,low,11,namesilo,,,28/09/2026 12:28
1c7e5914-1fa2-4897-b3e3-629a0d811d50,proof.sbs,premium,384,768,high,medium,5,namesilo,,,28/09/2026 08:41
feede730-3fe8-4b1e-ac92-7859c0db3349,errand.sbs,premium,384,768,high,low,6,namesilo,,,30/09/2026 01:33
1ff9b385-2759-4dcd-92ca-28658cd514ca,donut.sbs,premium,390,780,high,low,5,namecheap,,,29/09/2026 16:33
357b5a84-a1f6-47f2-9534-5bb1ae0de47f,cacomistle.sbs,available,1.88,19.49,medium,low,10,namesilo,,,22/09/2026 12:02
fc63385d-6242-4bab-9b6a-e95d16188837,attempting.sbs,available,1.88,19.49,medium,low,10,namesilo,,,28/09/2026 12:29
a7feb6ec-b8eb-4734-be2b-532890ad4285,clementine.sbs,premium,192,384,high,low,10,namesilo,,,24/09/2026 15:33
40646197-0d3c-4172-aa8b-8c7e04172469,petition.sbs,premium,59.71,119.23,high,low,8,spaceship,,,28/09/2026 10:38
c4fb9aab-a5ce-4043-97c1-6de025106afb,height.sbs,premium,390,780,high,low,6,namecheap,,,25/09/2026 19:39
16ecca33-058e-4ba4-9496-3410e029ec9b,zimmermann.sbs,premium,51.35,102.7,high,low,10,namecheap,,,29/09/2026 22:20
8d5a72ee-f49a-4086-bdec-06d40e86f7c0,james.sbs,premium,155.45,310.7,high,medium,5,spaceship,,,29/09/2026 18:17
3d0f3822-3113-48ec-8ad3-81dfbf2495fd,tastily.sbs,available,1.88,19.49,medium,low,7,namesilo,,,16/09/2026 08:03
8e111185-2634-4ee7-ad9f-56ce0f5e7ac5,acheson.sbs,premium,68.43,147.2,medium,low,7,namesilo,,,17/09/2026 00:31
1d3bfbec-8487-4ce9-b0a6-7aaa2bec2d88,lytton.sbs,premium,310.7,621.2,medium,low,6,spaceship,,,30/09/2026 00:54
cc3c351e-ffe4-4ef6-90ba-0d299bbc2fea,joe.sbs,premium,384,768,high,medium,3,namesilo,,,25/09/2026 11:19
04e56d97-d21c-4933-8aae-afc5cfef1100,frenetic.sbs,available,1.54,25.98,medium,low,8,namecheap,,,18/08/2026 14:17
14816618-141b-40b6-bb44-d119859936a8,pitfall.sbs,available,0.97,15.73,medium,low,7,spaceship,,,30/09/2026 06:53
80492864-a46c-468b-a1b7-7f3d636a3cdf,antbird.sbs,available,1.88,19.49,medium,low,7,namesilo,,,19/09/2026 12:17
6c783634-ed98-4c25-a8f7-8472f74931ca,witless.sbs,available,1.54,25.98,medium,low,7,namecheap,,,03/09/2026 17:49
2d440bc9-d1bd-4d69-902c-5cc99f49d0dd,disposable.sbs,premium,68.43,147.2,high,low,10,namesilo,,,14/08/2026 12:03
7201bb76-795b-4563-af50-e14434b98c4b,marjorie.sbs,premium,59.71,119.23,medium,low,8,spaceship,,,29/09/2026 04:00
b11c21a4-966c-48b0-a029-715376eb9526,seymour.sbs,premium,68.43,147.2,high,low,7,namesilo,,,25/09/2026 07:56
d0435278-2442-4478-a885-545c24d6a5c4,norbert.sbs,premium,68.43,147.2,medium,low,7,namesilo,,,28/09/2026 22:05
30e1dbc3-c0cf-4234-9b0e-972fa849fb96,practiced.sbs,premium,68.43,147.2,high,low,9,namesilo,,,29/09/2026 02:32
b68aa816-2d4f-4281-b853-0ec519c08010,exposed.sbs,premium,192,384,high,low,7,namesilo,,,17/08/2026 18:37
7b3224a9-f4dd-4c1c-9aae-e0a9f4b12d68,rustling.sbs,available,1.54,25.98,high,low,8,namecheap,,,03/09/2026 11:20
e7a5a1e9-9dff-46d8-a237-658200380b23,noah.sbs,premium,46.61,94.8,high,medium,4,namesilo,,,27/09/2026 04:52
94a4b869-5a45-4a8b-bf7e-cd794984420c,horsefish.sbs,available,1.54,25.98,medium,low,9,namecheap,,,20/09/2026 21:39
eca957bf-48ec-495c-a5a1-bf779a754464,log.sbs,premium,164.27,328.02,high,medium,3,porkbun,,,30/09/2026 03:09
67ef056b-dffe-4ba2-ae71-1db5cac814ac,prophetic.sbs,premium,68.43,147.2,high,low,9,namesilo,,,09/09/2026 03:36
3000081d-e681-4e8d-bbed-cd55b93f6984,conklin.sbs,premium,59.71,119.23,medium,low,7,spaceship,,,30/09/2026 13:55
cc14e2a2-2cf1-4215-bce3-727b2e308d30,acerbity.sbs,available,1.88,19.49,medium,low,8,namesilo,,,16/09/2026 23:41
7f1bda3f-0a0d-4eef-912b-a2f0023184b6,beastly.sbs,available,1.54,25.98,medium,low,7,namecheap,,,09/08/2026 04:54
90ff18c6-2b18-405e-92ca-725c3a1aa70f,cuff.sbs,premium,11.8,23.6,medium,low,4,namesilo,,,29/09/2026 00:32
4a946f06-e7c0-4081-968b-a2d9334f671e,considered.sbs,available,1.54,25.98,high,low,10,namecheap,,,23/09/2026 20:51
e4ad32f6-e98c-4eac-86d1-a0d6386ba60d,schuyler.sbs,premium,68.43,147.2,medium,low,8,namesilo,,,28/09/2026 04:05
0b41b3b5-bea6-4800-8aaa-79524e484a5c,mentions.sbs,premium,68.43,147.2,medium,low,8,namesilo,,,17/09/2026 17:25
e58bb2a1-8088-408e-89ff-6be98d844568,decently.sbs,available,1.54,25.98,medium,low,8,namecheap,,,13/08/2026 21:14
dd4d4ef3-5d18-4303-b43f-939342d29503,dba.sbs,premium,310.7,621.2,high,low,3,spaceship,,,30/09/2026 01:16
b24ee050-84ec-42c7-92e6-632baeacd1f5,dynamics.sbs,resell,,,high,low,8,,,,29/09/2026 12:07
cf20a21d-e835-47da-8d95-e449ea564d51,albumen.sbs,available,1.88,19.49,high,low,7,namesilo,,,18/09/2026 03:31
769eb757-e017-4e3f-87e8-638916b399b7,agiotage.sbs,available,1.54,25.98,medium,low,8,namecheap,,,17/09/2026 18:03
6336b780-c6a3-4db7-956e-cd827e764da7,manufacture.sbs,premium,155.45,310.7,high,low,11,spaceship,,,28/09/2026 21:00
e0797e4a-922b-4621-9dc6-30f0182f0109,karl.sbs,premium,390,780,high,low,4,namecheap,,,25/09/2026 13:41
8915732a-91c5-48a1-a3d3-ae68df7e6c33,systems.sbs,premium,59.71,119.23,medium,low,7,spaceship,,,29/09/2026 14:31
8d4a3a07-0bcb-4bb0-b806-3591784ded0a,bewilder.sbs,available,1.54,25.98,high,low,8,namecheap,,,21/09/2026 17:30
e73355cf-fe11-4c36-ae1c-0a8512f48ae1,arctiid.sbs,available,1.88,19.49,medium,low,7,namesilo,,,20/09/2026 02:47
b44d62cb-743f-47b3-a312-b037d2d8a04c,vedanta.sbs,available,16.27,16.27,high,low,7,dynadot,,,01/10/2026 04:06
29dab663-f50e-4047-a2fa-6cbf3aaf1091,repand.sbs,available,1.54,25.98,medium,low,6,namecheap,,,09/09/2026 14:25
1a4abfe5-6e2f-4c2c-8b11-9c07e1456700,falkland.sbs,available,1.88,19.49,medium,low,8,namesilo,,,28/09/2026 12:09
6c6d3d3e-a86d-4be4-9b34-e2077118af27,hatching.sbs,available,0.97,15.73,high,low,8,spaceship,,,01/10/2026 01:37
6a18ecf4-9e46-41e0-b5fa-f119969c780a,psychiatrists.sbs,available,0.97,15.73,medium,low,13,spaceship,,,01/10/2026 00:58
da3adf3c-789e-4480-b6e4-2977fb270a3b,ally.sbs,premium,384,768,high,high,4,namesilo,,,28/09/2026 20:39
bd508861-f0d6-42cc-9108-0b1782ccd742,ams.sbs,premium,384,768,high,low,3,namesilo,,,28/09/2026 21:48
7a6dd6c7-cfee-4772-a429-1b9c1fb8312e,peiping.sbs,available,1.88,19.49,medium,low,7,namesilo,,,23/09/2026 04:16
f07d4e6a-5d32-4d6d-aea2-5096606f2898,weirdo.sbs,premium,384,768,medium,low,6,namesilo,,,13/08/2026 05:38
5b7a4619-48a3-4599-8678-ae14a173d5a7,angels.sbs,premium,390,780,high,medium,6,namecheap,,,25/09/2026 20:48
5ea8a132-0a9d-4386-ad6e-a45fa0089d6f,sustenance.sbs,available,1.88,19.49,high,low,10,namesilo,,,18/09/2026 07:54
65e30f6b-1b95-4f4f-abe9-2b16c92f3634,drivers.sbs,premium,46.61,94.8,high,low,7,namesilo,,,28/09/2026 03:43
e97f5654-727f-4fe1-bfae-5af7335d99b2,sandwich.sbs,premium,390,780,high,low,8,namecheap,,,30/09/2026 10:33
ad008598-43b4-4f02-8b99-3999067ee982,arable.sbs,premium,384,768,medium,low,6,namesilo,,,06/08/2026 11:14
c14f1f01-13e7-45f9-9c8e-b6683d558be2,challenge.sbs,premium,310.7,621.2,high,low,9,spaceship,,,29/09/2026 07:59
55d3e3b2-6887-40bc-8437-d81f6de084a5,refundable.sbs,available,1.49,,high,low,10,name.com,,,
e7d4733e-0ddf-4809-84e0-2f148772a062,defender.sbs,available,1.99,16.27,high,low,8,dynadot,,,28/09/2026 18:56
53313350-eb02-4648-8aee-d97506b23e80,fourteenth.sbs,available,1.54,25.98,high,low,10,namecheap,,,
7d3c1952-ef2d-41ef-b215-4be53802fbbd,solvable.sbs,available,1.88,19.49,high,low,8,namesilo,,,27/09/2026 12:17
4ba17e81-5111-4d23-a47e-1a5b97e612d7,starter.sbs,premium,74.75,149.5,high,low,7,namecheap,,,24/09/2026 19:47
ea1c4012-ad6f-42fc-8e78-c75a1e182fa4,sanative.sbs,available,1.54,25.98,medium,low,8,namecheap,,,
4b4c4e90-12a5-4791-ac22-bf00f9ef3e89,bland.sbs,premium,384,768,medium,low,5,namesilo,,,22/09/2026 21:44
81c3eada-d06d-4092-8568-be02105524f9,satiate.sbs,available,1.54,25.98,high,low,7,namecheap,,,09/09/2026 14:28
ad848937-1f8b-41c5-b6bd-9da610923446,logrolling.sbs,available,1.54,25.98,high,low,10,namecheap,,,23/09/2026 20:50
bc37a9ef-947a-41fa-a7b9-57c5070dbc82,augusta.sbs,premium,46.61,94.8,high,low,7,namesilo,,,21/09/2026 03:54
9b36429f-0bd0-456b-8494-d6d3d4c5395e,compared.sbs,available,1.88,19.49,medium,low,8,namesilo,,,27/09/2026 09:01
f20a66f4-d7d6-4e5b-9eb4-1d812f4a0c88,march.sbs,premium,621.2,1242.2,high,high,5,spaceship,,,29/09/2026 03:44
e05ebdd3-efec-46b5-9362-762757039fd3,sylvester.sbs,premium,41.08,81.97,high,low,9,spaceship,,,29/09/2026 15:28
b577be89-5179-4b5b-bad3-ad2f2d6c00e8,intern.sbs,premium,384,768,high,low,6,namesilo,,,28/09/2026 14:28
d24558ab-7373-4912-9d66-20d8c392aa67,macgregor.sbs,premium,328.02,655.52,medium,low,9,porkbun,,,28/09/2026 19:47
80bcd025-6a18-4933-9b26-cffb6f20b7bc,militia.sbs,available,0.97,15.73,high,low,7,spaceship,,,29/09/2026 19:40
4d20b2a2-4448-4377-99ea-5a0e3991ed8d,silverbush.sbs,available,1.88,19.49,medium,low,10,namesilo,,,19/09/2026 14:04
3ef702b5-ba95-4e55-abc8-d6ec75f4c1f8,balloons.sbs,premium,74.75,149.5,medium,low,8,namecheap,,,28/09/2026 18:12
194b32f4-9a64-48bc-981d-f74381ff943a,rebound.sbs,premium,68.43,147.2,high,low,7,namesilo,,,21/09/2026 15:40
61fe896f-962c-49fd-9f37-4b308ebffa00,elvis.sbs,premium,384,768,high,low,5,namesilo,,,29/09/2026 00:14
9acc5888-37ce-4fa1-9865-4583a181133c,sides.sbs,premium,384,768,medium,low,5,namesilo,,,17/09/2026 23:26
dc598f81-15b7-4860-8cf6-9cb84a40acf2,summative.sbs,available,1.54,25.98,medium,low,9,namecheap,,,11/09/2026 01:36
1c2f8917-50a2-4188-b019-459f2fcacc98,lunchtime.sbs,premium,38.5,77,high,low,10,namecheap,,,
7a6337f3-07f1-4b52-aba3-0621f018d366,tamarack.sbs,premium,74.75,149.5,medium,low,8,namecheap,,,18/09/2026 20:18
bb011c31-aa03-45e1-9d7d-f9fe78231317,geothermal.sbs,available,1.54,25.98,high,low,10,namecheap,,,18/08/2026 22:39
aa7269b5-da23-4503-9291-fe107a648e07,larger.sbs,premium,390,780,high,low,6,namecheap,,,22/09/2026 20:38
77a33639-6fd2-45c6-b1cb-b7fad8e39e95,amaterasu.sbs,premium,384,768,medium,low,9,namesilo,,,18/09/2026 16:05
d7350b9c-6416-443d-a8ed-73f6678ae2b0,vacantly.sbs,available,1.88,19.49,low,low,8,namesilo,,,16/09/2026 10:32
ba320b70-d111-45d4-ab5c-3eb914c7dfda,formicary.sbs,available,1.88,19.49,medium,low,9,namesilo,,,19/09/2026 13:26
d7ca54d6-78fd-4d39-b2e5-4534660ad6fc,uveal.sbs,available,1.54,25.98,medium,low,5,namecheap,,,13/09/2026 00:22
cf37830b-fad2-41a7-b668-889219ca8401,costless.sbs,available,1.54,25.98,medium,low,8,namecheap,,,13/08/2026 03:12
0d687b86-ebdd-45da-9f13-a0af85923b0a,shareholders.sbs,available,1.88,19.49,medium,low,12,namesilo,,,17/09/2026 15:53
96be3c25-e9f2-450a-b0cb-1e31c8ed431e,champions.sbs,premium,330,660,high,low,9,dynadot,,,28/09/2026 13:32
40a4a20f-bd4e-4150-946c-d6c3e34197f2,exercised.sbs,available,1.88,19.49,high,low,9,namesilo,,,30/09/2026 11:52
66c13ed7-ac2c-495c-b076-392879642d72,blond.sbs,premium,384,768,high,low,5,namesilo,,,22/09/2026 22:15
137825c4-ca9c-43a1-ad65-e69349aea0d5,unearthly.sbs,available,1.54,25.98,medium,low,9,namecheap,,,16/08/2026 02:28
5ba70d4b-b35d-4dc6-9ced-431ce442a762,consolation.sbs,available,1.88,19.49,high,low,11,namesilo,,,28/09/2026 22:58
b81fa571-efe1-4003-90f1-f9a564500519,writhing.sbs,available,1.54,25.98,medium,low,8,namecheap,,,13/09/2026 13:45
5e6b3823-9f9b-4de3-9eda-6744d68c9692,defending.sbs,available,1.54,25.98,high,low,9,namecheap,,,13/08/2026 23:13
b426c27c-df27-4489-89ff-300087ce2dcb,eldon.sbs,premium,310.7,621.2,medium,low,5,spaceship,,,30/09/2026 04:31
c1c82d8b-2da7-4be7-a6e9-7ed38bb03a3b,pyogenic.sbs,available,1.54,25.98,high,medium,8,namecheap,,,09/09/2026 06:54
b6586fc1-f5dd-4aa5-b458-da64ce3ebb49,finitely.sbs,available,1.54,25.98,medium,low,8,namecheap,,,14/09/2026 18:35
bef75512-39de-4c73-bba4-8073cd498489,leaky.sbs,available,1.54,25.98,medium,low,5,namecheap,,,22/08/2026 22:01
2e4fac80-260e-4fff-a064-77690f3e09b9,vitamin.sbs,premium,68.43,147.2,high,low,7,namesilo,,,08/09/2026 14:16
da1b2565-48ce-44fc-a4cc-d37eaca96ae8,jugoslav.sbs,available,1.54,25.98,medium,low,8,namecheap,,,13/09/2026 14:52
bf327912-6cbd-4fd0-90d8-ebc1ce8920ca,witt.sbs,premium,41.08,81.97,high,low,4,spaceship,,,28/09/2026 04:15
83f77ac7-bdc1-46c2-a14e-4b8c6541d938,puny.sbs,premium,11.8,23.6,high,medium,4,namesilo,,,09/09/2026 06:06
01c40f57-defa-40e4-9426-6c774c381916,bragging.sbs,available,1.54,25.98,medium,low,8,namecheap,,,11/08/2026 00:54
a143d6e0-a990-4674-95db-b92fed7cf890,annulus.sbs,available,1.54,25.98,medium,low,7,namecheap,,,19/09/2026 03:40
11ca5a93-4253-41f2-928c-440c8b510ef7,apsis.sbs,premium,68.43,147.2,medium,low,5,namesilo,,,19/09/2026 22:40
831f1e4e-a762-4790-a548-75bb92216362,shovel.sbs,premium,384,768,high,low,6,namesilo,,,28/09/2026 15:04
f3c3a9f4-7989-482c-bf90-22e861ed70bb,waters.sbs,premium,310.7,621.2,high,low,6,spaceship,,,28/09/2026 21:01
f802fead-4cb8-40ce-a75c-59f8dc0ded7f,waxed.sbs,available,1.54,25.98,high,low,5,namecheap,,,13/09/2026 08:40
e060bf9f-dae9-4202-bae9-b26ca7f42807,hoodlum.sbs,available,1.54,25.98,high,medium,7,namecheap,,,09/09/2026 06:04
1763f0c0-c309-44e8-9a98-fa98eff96280,aldebaran.sbs,available,1.54,25.98,medium,low,9,namecheap,,,18/09/2026 04:20
03ff4d19-dacc-46c6-a0ff-80a942772a31,babbling.sbs,available,1.88,19.49,high,low,8,namesilo,,,21/09/2026 12:23
8a8d9cab-556e-4b8f-be5b-7ee9c358788f,wish.sbs,premium,384,768,high,low,4,namesilo,,,25/09/2026 13:40
4542b0ac-dbbb-49da-99a5-59850cea3c2b,untroubled.sbs,available,1.54,25.98,high,low,10,namecheap,,,10/09/2026 01:30
ca20d393-43e5-4b47-b6c3-b70b6a9bec70,arachnoid.sbs,available,1.54,25.98,medium,low,9,namecheap,,,06/08/2026 11:41
9bb2ce64-7560-476c-8f0f-73e0e19b5a1d,exclamation.sbs,premium,80.5,161,high,low,11,namecheap,,,
91639d71-4dc0-45de-8e96-f58a7301c9ed,bergson.sbs,available,1.88,19.49,medium,low,7,namesilo,,,23/09/2026 09:22
18611179-0ae7-4318-ab11-37f9ce981fe9,hulk.sbs,premium,384,768,high,low,4,namesilo,,,29/09/2026 13:05
6fb3dbb7-72e3-4299-bf23-4a993e95f0ad,manila.sbs,premium,192,384,high,low,6,namesilo,,,29/09/2026 07:06
b1e94284-fc40-4c3f-b826-6c4a6fc73424,chronic.sbs,premium,68.43,147.2,high,low,7,namesilo,,,12/08/2026 07:24
34c625bc-29f5-4be8-a141-bf320e9b026e,tougher.sbs,available,0.97,15.73,medium,low,7,spaceship,,,29/09/2026 11:36
6e142fc3-55af-4d1a-a101-6c637b166236,cummings.sbs,premium,46.61,94.8,medium,low,8,namesilo,,,25/09/2026 04:27
c6d104ae-a400-48da-b4d4-530f8f66e120,lowbrow.sbs,available,,,medium,low,7,,,,
45ce63a6-2fc7-47e5-90b0-fc9a3a21c821,lavish.sbs,premium,390,780,high,low,6,namecheap,,,22/08/2026 21:07
b5ca1069-719f-4783-959e-a7e97a15126f,congenital.sbs,available,1.54,25.98,high,low,10,namecheap,,,12/08/2026 21:40
7d3a6329-804e-431f-904c-8443daca952f,graduated.sbs,available,1.54,25.98,high,low,9,namecheap,,,11/08/2026 14:18
887bdb59-9fdc-4326-8f14-0bd5ab6472c1,brit.sbs,premium,384,768,high,low,4,namesilo,,,11/08/2026 04:52
f0bb8462-377d-4d57-9222-9ce93815f648,appeared.sbs,available,1.88,19.49,medium,low,8,namesilo,,,27/09/2026 10:53
6eb7c369-0c14-451c-adac-97a9b228cf30,bragger.sbs,available,1.54,25.98,medium,low,7,namecheap,,,11/08/2026 01:14
5474a992-f5f1-4bd1-8dfd-7467ac622769,annexation.sbs,available,1.88,19.49,medium,low,10,namesilo,,,19/09/2026 10:25
fe69d4f0-6364-427c-ae88-e6de4d16fdc5,drag.sbs,premium,51.35,102.7,high,low,4,namecheap,,,25/09/2026 22:05
c753b53a-0cf5-4dea-8004-3f1f39d77e5c,weldon.sbs,premium,384,768,medium,low,6,namesilo,,,28/09/2026 16:37
4d87aa0f-ddff-48c9-9e91-5b14d621b5b5,celebrating.sbs,available,1.88,19.49,high,low,11,namesilo,,,27/09/2026 06:50
0b1e5430-9dd9-4080-b9e9-261c098bbd19,aphrodite.sbs,premium,192,384,high,low,9,namesilo,,,19/09/2026 17:15
9e22ff2e-99ed-4a2a-a793-aed4c4af7561,fdp.sbs,premium,155.45,310.7,medium,low,3,spaceship,,,30/09/2026 06:45
48445002-f668-4492-9b08-bce8a1692e48,iliac.sbs,available,1.54,25.98,medium,low,5,namecheap,,,21/08/2026 18:45
28c3b43b-07a1-453c-a028-611507d9622c,gripe.sbs,premium,562.5,750,high,low,5,name.com,,,23/09/2026 00:19
e10d6dbe-4f79-4ab0-b1ed-b1bdd7b73de4,cheeks.sbs,premium,310.7,621.2,medium,low,6,spaceship,,,29/09/2026 10:13
1aeb8cf6-6385-434a-9e99-0c04c6d0e001,sibley.sbs,premium,384,768,medium,low,6,namesilo,,,28/09/2026 22:18
e65324d9-262e-4781-b8b3-aace3441d77c,expedition.sbs,premium,63.25,126.5,high,low,10,dynadot,,,29/09/2026 18:24
69b1a374-337f-4b5e-a556-4929e7e47263,imbricate.sbs,available,1.54,25.98,medium,low,9,namecheap,,,21/08/2026 20:35
68a77786-0dd3-4ab1-8b9c-e3ccfd9a4e43,occitan.sbs,available,1.54,25.98,medium,low,7,namecheap,,,09/09/2026 04:30
9dcb06db-96ed-41de-9585-b4644ca71830,marketplace.sbs,premium,68.43,147.2,high,medium,11,namesilo,,,28/09/2026 05:48
f26d344b-af79-441b-9559-4d3a3f4972f1,infernal.sbs,available,1.54,25.98,high,low,8,namecheap,,,10/08/2026 12:50
93c7d782-aed4-4f2e-b956-0c95b60b629b,mouthwash.sbs,available,1.49,,high,low,10,name.com,,,
4e53cf2f-8215-4f60-9e09-be02fbc04702,mill.sbs,premium,43.65,86.77,high,low,4,porkbun,,,29/09/2026 18:53
8ea931cc-dbfb-4ccb-be52-bb0711180594,graduate.sbs,premium,68.43,147.2,high,low,8,namesilo,,,20/08/2026 17:51
567bd04c-e21a-4643-b025-e214edd823ba,wakening.sbs,available,1.54,25.98,high,low,8,namecheap,,,28/09/2026 23:37
078328b1-58f9-40ed-a17b-7152cd33218f,allows.sbs,available,1.88,19.49,low,low,6,namesilo,,,28/09/2026 08:44
2610d597-ff78-4a47-83c2-a169c0280a8a,canadiens.sbs,premium,384,768,medium,low,9,namesilo,,,30/09/2026 13:32
b03793dd-5c7d-4f33-9e1a-b391dac49686,dooley.sbs,premium,310.7,621.2,high,low,6,spaceship,,,30/09/2026 12:47
f44483d4-3a13-4be3-a45a-e2c1e710e8b4,their.sbs,premium,384,768,medium,low,5,namesilo,,,
a33e8ffb-cf35-4acd-9f8e-3f3b7852c81d,adenoid.sbs,available,1.54,25.98,medium,low,7,namecheap,,,
ec41a7ba-66c2-4777-8e18-3a653bc16861,soundly.sbs,available,1.88,19.49,medium,low,7,namesilo,,,16/09/2026 05:34
48834dd1-d767-4cd8-a050-410e887b12b5,passe.sbs,available,1.54,25.98,medium,low,5,namecheap,,,14/08/2026 01:17
9d6a8147-a57f-4f3c-b0fb-50c91091874b,bossy.sbs,premium,390,780,medium,low,5,namecheap,,,07/08/2026 19:35
9ede88c1-041b-4c90-ba56-7a3521e84151,upsetting.sbs,available,1.54,25.98,medium,low,9,namecheap,,,14/08/2026 09:55
9c801c1d-99d6-4125-a628-dce03a0fb5b3,membrane.sbs,available,0.97,15.73,high,low,8,spaceship,,,29/09/2026 07:36
f773705c-3c5e-4de4-a557-ea8e4b568a66,chen.sbs,premium,74.06,98.75,high,low,4,name.com,,,25/09/2026 04:12
c13a5ccb-63fb-4e94-bf76-ecb144c53e45,ire.sbs,premium,384,768,medium,low,3,namesilo,,,19/09/2026 06:05
b2b95344-2853-4da6-9be3-fabd56672013,widow.sbs,premium,390,780,high,low,5,namecheap,,,27/09/2026 05:54
1febe00a-7e84-4099-aeb9-a2d9ffd54f49,oracular.sbs,available,1.54,25.98,medium,low,8,namecheap,,,04/09/2026 17:12
4f67b987-55e5-4c00-9586-52d94b8d9894,schismatic.sbs,available,1.54,25.98,medium,low,10,namecheap,,,09/09/2026 23:07
3911bbef-754d-46fe-a7a9-7d17962c8daa,faulty.sbs,premium,384,768,medium,low,6,namesilo,,,13/08/2026 23:08
d0fc85c6-0fb5-4161-b11a-c83d0b7d898b,chewing.sbs,available,1.88,19.49,high,low,7,namesilo,,,24/09/2026 14:24
3f2a3ae0-3703-4aa2-8a78-8efe532d616d,multiphase.sbs,available,1.54,25.98,medium,low,10,namecheap,,,03/09/2026 10:50
6434d142-97ad-41fc-beca-5b0426130074,contributor.sbs,premium,63.25,126.5,high,low,11,dynadot,,,30/09/2026 19:30
2bc58984-2fca-41a2-9a8c-ddddb8aa3bd3,contractor.sbs,premium,46.61,94.8,high,low,10,namesilo,,,24/09/2026 17:45
aa0f9350-ad0c-4c77-a254-4ad5788d12e8,bishops.sbs,premium,310.7,621.2,low,low,7,spaceship,,,30/09/2026 23:08
1dc37eb6-9691-407e-8f62-957718f7c196,triad.sbs,premium,384,768,high,low,5,namesilo,,,
2524dd73-5207-4dbc-a8ec-0db4afa8c1ef,gaon.sbs,premium,11,22,high,low,4,dynadot,,,30/09/2026 19:42
0e89316f-74b4-43ff-bcf6-83588c1537c4,mightily.sbs,available,1.54,25.98,medium,low,8,namecheap,,,24/08/2026 22:45
519165c5-dfbd-4d88-ba7f-c37533e0dc59,playfield.sbs,available,1.49,,high,low,9,name.com,,,
3a7140cf-d37e-468a-a85e-f2be23752637,founding.sbs,premium,59.71,119.23,high,low,8,spaceship,,,29/09/2026 18:56
638ed0d5-aaad-4854-a881-acdedb4a857f,trendy.sbs,premium,390,780,high,low,6,namecheap,,,11/09/2026 19:19
81d565b2-17fc-474e-aff3-a5231b0dfff2,tis.sbs,premium,310.7,621.2,high,low,3,spaceship,,,29/09/2026 23:40
7e0d7321-dc35-4de6-ac9a-202394bb3c52,immerse.sbs,available,1.54,25.98,high,low,7,namecheap,,,10/09/2026 19:49
ed53eee9-eabb-4c8e-86a8-f09bf1056d0e,arizonan.sbs,available,1.54,25.98,medium,low,8,namecheap,,,20/09/2026 06:05
5e52d37b-4b05-4e4d-b6e9-02c3a64ec756,gaping.sbs,available,1.54,25.98,high,low,6,namecheap,,,
6057599f-393d-485d-9177-b7fbd16fe659,refer.sbs,premium,384,768,high,low,5,namesilo,,,24/09/2026 15:03
6bae9cf5-12b4-4e0c-a86a-4b268a4cd024,condemnation.sbs,available,1.88,19.49,medium,low,12,namesilo,,,30/09/2026 23:02
01261564-52ed-4490-9b30-9f0edeab2cee,huddled.sbs,available,1.54,25.98,medium,low,7,namecheap,,,21/08/2026 14:34
0bf66a54-ced5-4fcc-b001-2a2ffb85ebf6,anodal.sbs,available,1.54,25.98,medium,low,6,namecheap,,,
7cabdb15-c08b-411e-b460-cb9f525c647e,canon.sbs,premium,384,768,high,medium,5,namesilo,,,19/09/2026 11:56
f765de66-2140-45ab-88e2-51c433c743aa,pigboat.sbs,available,1.54,25.98,medium,low,7,namecheap,,,11/09/2026 00:21
5bd96aa9-95ee-42f1-a914-06379fc6d163,bermudas.sbs,premium,68.43,147.2,medium,low,8,namesilo,,,23/09/2026 09:44
8042e654-ecd9-4622-8289-59d17b88daff,thinkers.sbs,premium,59.71,119.23,medium,low,8,spaceship,,,30/09/2026 16:03
627b41a8-4270-4d75-8442-7bb1f9fb58a0,telescopic.sbs,available,1.54,25.98,medium,low,10,namecheap,,,11/09/2026 10:24
1b477400-a229-4bc3-90fa-63062f8da6f1,antum.sbs,available,1.54,25.98,medium,low,5,namecheap,,,19/09/2026 15:47
164a6cbd-9057-48f8-bda2-d74e21fdb6ce,withdraw.sbs,premium,74.75,149.5,high,low,8,namecheap,,,24/09/2026 19:10
d33a0f25-70e2-4356-8557-c76a822dae63,ash.sbs,premium,330,660,high,medium,3,dynadot,,,28/09/2026 22:27
287d355c-d383-4b0d-baa8-1cc423f1b866,halfway.sbs,available,1.54,25.98,high,low,7,namecheap,,,11/08/2026 23:56
6def1c68-1ae1-4a7f-be3b-40853f1cb651,produces.sbs,available,1.88,19.49,medium,low,8,namesilo,,,17/09/2026 14:14
7d88cac2-f274-4f8f-a41c-6fed3c4581a3,melissa.sbs,premium,390,780,high,low,7,namecheap,,,27/09/2026 04:11
f1c556a4-2a35-49d5-8c84-c57739e066ce,pedro.sbs,premium,46.61,94.8,high,low,5,namesilo,,,28/09/2026 03:54
e022e4c0-1904-48a0-bc4e-490882e5896d,angler.sbs,premium,390,780,high,low,6,namecheap,,,18/09/2026 11:39
6da6c7f8-fb36-4591-b28a-ae755e195db8,owned.sbs,premium,384,768,high,low,5,namesilo,,,26/09/2026 03:41
0a5ee04f-8503-4ef3-b6c2-95d3d3823ceb,clanging.sbs,available,1.54,25.98,medium,low,8,namecheap,,,12/08/2026 09:31
af47abbc-d3a1-4f58-8abe-e7f1263967df,tender.sbs,premium,384,768,high,low,6,namesilo,,,21/09/2026 21:47
7e24b7a8-bca0-483d-b3fb-990d837f3375,quirky.sbs,premium,384,768,high,low,6,namesilo,,,17/08/2026 22:23
623668f0-2ef2-4586-ac80-2e8ad43a3387,foreign.sbs,premium,192,384,high,low,7,namesilo,,,
9afe07ac-1b31-4899-9f71-8c90f9ff6255,templeton.sbs,premium,59.71,119.23,medium,low,9,spaceship,,,28/09/2026 22:24
e9a7fd36-33e1-4892-9928-5cc4a193f301,bun.sbs,premium,384,768,high,low,3,namesilo,,,24/09/2026 11:10
df18b9df-44ef-455a-9cff-ce44c56490a2,artwork.sbs,premium,63.3,126.07,high,low,7,porkbun,,,28/09/2026 22:22
0dc9995b-5981-4316-832e-84ccda3be479,greatest.sbs,premium,74.75,149.5,high,low,8,namecheap,,,20/08/2026 19:40
6af50d86-d005-4101-bdc8-5085e6d8dcbe,nissan.sbs,premium,310.7,621.2,high,high,6,spaceship,,,28/09/2026 06:28
811fe348-5a74-4d57-b5b6-831702843849,sallow.sbs,available,1.54,25.98,high,medium,6,namecheap,,,09/09/2026 20:56
17cdb0b3-dc3e-47c2-97b6-3da2894f6b82,witting.sbs,available,1.54,25.98,medium,low,7,namecheap,,,12/08/2026 22:24
dc3a5ad7-d83e-40fb-b0a7-13ed95cde33f,unaccented.sbs,available,1.54,25.98,medium,low,10,namecheap,,,11/09/2026 23:32
25622f5b-6137-4808-b596-2b205c5faa14,pea.sbs,premium,390,780,medium,low,3,namecheap,,,28/09/2026 15:03
af8c64b5-fc05-4889-b8b6-ae4fba5e971e,typical.sbs,premium,74.75,149.5,high,low,7,namecheap,,,24/09/2026 11:26
32103415-421e-41f7-bbbe-9832eab677f3,nonfinite.sbs,available,1.54,25.98,medium,low,10,namecheap,,,03/09/2026 18:26
5a5bd540-ee7d-4164-8c43-0e0cc7f09d7f,barany.sbs,available,1.88,19.49,medium,low,6,namesilo,,,22/09/2026 04:13
194056fd-4e59-48e4-a028-f0a6d8ee95f8,succulent.sbs,available,1.54,25.98,high,low,9,namecheap,,,11/09/2026 00:58
ce92f06c-ecf1-41ad-8e02-a8905e30c064,gong.sbs,premium,10.55,20.9,high,high,4,spaceship,,,30/09/2026 01:03
4666f016-fc8d-4983-84ed-5cd674b9d00e,bashful.sbs,premium,68.43,147.2,high,low,7,namesilo,,,08/08/2026 22:01
4ccc511a-436b-4186-9a04-32bb04c3d603,fad.sbs,premium,390,780,high,low,3,namecheap,,,24/09/2026 19:13
7fc9e903-39e2-43e6-b327-da3b8a8ad1ef,coolness.sbs,available,1.54,25.98,high,low,8,namecheap,,,24/09/2026 14:38
3d9e331d-f46e-4f90-ab42-92855c487dff,premises.sbs,available,1.88,19.49,high,low,8,namesilo,,,28/09/2026 15:06
3ece8618-783e-43a7-9a1a-2818d74f2a42,eightfold.sbs,available,1.54,25.98,medium,low,9,namecheap,,,15/08/2026 21:27
4b746739-bae4-4a96-9f6e-4aeefdd73bd9,transitory.sbs,available,1.54,25.98,medium,low,10,namecheap,,,17/08/2026 10:19
c2da0a75-1c2f-43c4-8996-ade1c262bb5a,markings.sbs,available,1.54,25.98,medium,low,8,namecheap,,,29/09/2026 10:28
529f654a-39e9-448e-8226-646768d93a20,superb.sbs,premium,384,768,high,low,6,namesilo,,,23/09/2026 09:28
62755b97-f405-4810-82a6-6df8625c35b8,puzzle.sbs,premium,384,768,high,medium,6,namesilo,,,21/09/2026 17:28
f7c068f0-c05f-484d-a66c-1b1e807ee7b9,vom.sbs,premium,155.45,310.7,medium,low,3,spaceship,,,30/09/2026 03:43
2edd57e2-03d3-4e48-b062-0b037fc0cc8d,factories.sbs,premium,281.25,375,medium,low,9,name.com,,,20/09/2026 05:09
33696967-e3d4-4625-8822-c661b79d6a86,auxin.sbs,available,1.88,19.49,medium,low,5,namesilo,,,21/09/2026 08:33
af27c90b-e9ed-41b3-9518-25098c1a5234,chargeman.sbs,available,1.88,19.49,medium,low,9,namesilo,,,24/09/2026 04:25
2b54e6ae-2e14-4350-97a6-04fd282862f1,antiquated.sbs,available,1.54,25.98,medium,low,10,namecheap,,,
1bbe9e2d-0782-4290-bacf-c5bf07d22e76,atmospheric.sbs,available,0.97,15.73,high,low,11,spaceship,,,29/09/2026 21:02
7508aaba-a49a-4ad1-9cf0-bfb05d899a03,crosses.sbs,available,0.97,15.73,medium,low,7,spaceship,,,28/09/2026 17:44
5e613199-be97-4df4-a917-ce821f4b8c84,algebra.sbs,premium,46.61,94.8,high,low,7,namesilo,,,18/09/2026 06:54
4fdfe88b-8433-4258-a0bc-42d2721325ea,nasdaq.sbs,premium,310.7,621.2,high,low,6,spaceship,,,28/09/2026 02:27
181eb9b9-3623-4d7c-b21f-299c04076573,sauna.sbs,premium,384,768,high,low,5,namesilo,,,30/09/2026 10:38
56587358-83bd-4619-8c63-d309d20c4f11,gratefully.sbs,available,1.54,25.98,medium,low,10,namecheap,,,13/09/2026 20:28
206d1631-6968-4c61-bd7f-be3f05261b70,cried.sbs,available,1.88,19.49,medium,low,5,namesilo,,,27/09/2026 23:35
f3ce17d8-f075-46a7-9bb9-dcbecffcfc4b,therefore.sbs,premium,63.3,126.07,medium,low,9,porkbun,,,28/09/2026 15:07
11f11a01-42f6-4b4c-a859-96769166cebb,sow.sbs,premium,192,384,high,low,3,namesilo,,,01/10/2026 03:46
f6389a19-dc65-49bd-bcc3-add8e88e9bd3,crap.sbs,premium,310.7,621.2,medium,low,4,spaceship,,,29/09/2026 05:21
f05039e5-9495-417e-a038-da1738536c55,ascendance.sbs,available,1.88,19.49,high,low,10,namesilo,,,20/09/2026 13:03
b4c0af39-a914-4f10-a2b7-f5860122b7f1,updates.sbs,premium,68.43,147.2,medium,low,7,namesilo,,,20/09/2026 08:39
e1d50a12-d970-4b2c-b4aa-7d587b86e659,landing.sbs,premium,195,390,high,low,7,namecheap,,,30/09/2026 02:04
3083b98a-7cb2-48ab-b4ae-80bd84ee0d22,labile.sbs,available,1.54,25.98,medium,low,6,namecheap,,,22/08/2026 17:32
273776f6-f10f-48de-9dfd-685255498d3e,bsc.sbs,premium,330,660,high,low,3,dynadot,,,28/09/2026 15:39
ede7cf09-6dc9-4e9b-a8e4-799bc9c851d1,our.sbs,premium,384,768,high,medium,3,namesilo,,,
67129fbb-b4a7-494f-8609-3169d422a841,initiative.sbs,premium,68.43,147.2,high,low,10,namesilo,,,19/09/2026 04:32
9b7b26ef-99f4-49dc-a1b9-0fe9b3df11fa,cohort.sbs,available,1.88,19.49,high,low,6,namesilo,,,17/09/2026 16:45
47196616-28c7-4aca-89a2-cebac2317d70,joplin.sbs,premium,310.7,621.2,medium,low,6,spaceship,,,28/09/2026 19:32
3a85b957-229f-4c2e-a25e-19b2c3ad5273,cindy.sbs,premium,282.88,565.76,high,low,5,namesilo,,,
5cd693ad-a418-4d29-bfaa-45625acb5e7c,progressively.sbs,available,0.97,15.73,high,low,13,spaceship,,,30/09/2026 12:19
a3ef347b-0784-4a23-9613-52a95af22edf,asafoetida.sbs,available,1.88,19.49,medium,low,10,namesilo,,,20/09/2026 12:43
6dd62d97-8655-46e2-bcac-40125781eeb7,furthest.sbs,available,1.88,19.49,medium,low,8,namesilo,,,24/09/2026 17:07
f0d1f392-e8cb-4845-8e68-b8a78d5e617f,unrefined.sbs,available,1.54,25.98,medium,low,9,namecheap,,,12/09/2026 17:28
907882f9-e568-40dc-83db-b68010014906,aneroid.sbs,available,1.54,25.98,medium,low,7,namecheap,,,
f44682f0-b244-43da-885c-c0b47181ad90,sumerian.sbs,available,1.54,25.98,high,low,8,namecheap,,,11/09/2026 01:33
f07da85c-a109-4f3f-a693-ea3792878dca,christine.sbs,premium,310.7,621.2,high,low,9,spaceship,,,27/09/2026 19:02
2cd11705-187a-4172-b99b-474092666c01,ambrose.sbs,premium,74.75,149.5,high,low,7,namecheap,,,18/09/2026 17:22
8bfe7774-cfe7-47ed-a64d-a168a7771f85,baulk.sbs,available,1.54,25.98,medium,low,5,namecheap,,,14/08/2026 04:57
61ed1761-9416-4e5a-87b2-57fb4ff184e7,commercial.sbs,premium,384,768,high,low,10,namesilo,,,27/09/2026 02:31
cb05a283-8929-468b-97dd-92480b27dfbb,jugular.sbs,available,1.54,25.98,medium,low,7,namecheap,,,22/08/2026 14:16
597e784a-4962-410e-a80b-2325167e2cae,arminius.sbs,premium,68.43,147.2,medium,low,8,namesilo,,,20/09/2026 07:08
682c9e7f-9c60-4ae6-b963-65ab39dded19,lodged.sbs,available,1.88,19.49,medium,low,6,namesilo,,,18/09/2026 14:44
afa03475-02d5-4456-8d26-618ad5cdd77e,runway.sbs,premium,310.7,621.2,high,low,6,spaceship,,,28/09/2026 06:39
575f2c89-44ad-4794-81c3-b3313d86b246,poky.sbs,premium,11.8,23.6,medium,low,4,namesilo,,,14/08/2026 07:34
c8352e39-b983-465f-9d9d-6536d40332c7,sprint.sbs,premium,310.7,621.2,high,medium,6,spaceship,,,29/09/2026 20:27
3efc7616-0e4a-42b7-b1f2-09fe08f6a37d,political.sbs,premium,68.43,147.2,high,low,9,namesilo,,,27/09/2026 04:28
bb88bc43-15e8-48b6-807b-69877459c124,prop.sbs,premium,390,780,high,low,4,namecheap,,,17/09/2026 23:19
37e26280-db49-44fc-a758-48591fc8e741,greenwing.sbs,available,1.88,19.49,medium,low,9,namesilo,,,19/09/2026 02:56
2ce98d42-e3dd-4626-80ac-f2f399a858f8,sank.sbs,premium,41.08,81.97,medium,low,4,spaceship,,,29/09/2026 16:38
e9727eb1-3f5e-4655-9d27-d7bbc126c1f8,portions.sbs,available,1.88,19.49,medium,low,8,namesilo,,,30/09/2026 14:36
0abe475e-7dcf-4972-8732-cd10b70cfc29,erst.sbs,premium,11.8,23.6,medium,low,4,namesilo,,,17/08/2026 13:07
e2cff3d2-fb6d-498a-ac30-9e9d0f176d34,limestone.sbs,available,1.99,16.27,high,low,9,dynadot,,,30/09/2026 02:56
395482d8-f319-4fee-b421-8c29c17bf76a,webster.sbs,premium,310.7,621.2,high,low,7,spaceship,,,28/09/2026 01:45
24397fb9-6e65-4f75-8e35-ca63895aa9d1,shake.sbs,premium,390,780,high,low,5,namecheap,,,25/09/2026 06:52
62c59ac4-61bc-4d56-a725-84b7ee2fbf62,yellowcake.sbs,available,1.49,,medium,low,11,name.com,,,
b62ff95f-09a1-449f-9470-66aa654840af,princes.sbs,premium,155.45,310.7,medium,low,7,spaceship,,,29/09/2026 10:59
797131cf-3dba-4f4e-8bb2-a1dd8a06a31f,flowers.sbs,premium,141.44,282.88,high,medium,7,namesilo,,,
9ca8d939-a35f-4840-8d57-a8a780a8c70f,plays.sbs,premium,384,768,medium,low,5,namesilo,,,18/09/2026 05:50
34e97290-77bd-40f2-9038-25a8674ba726,impending.sbs,available,1.54,25.98,high,low,9,namecheap,,,21/08/2026 20:59
10d5cefb-caba-4062-9e35-88910057f217,obnubilate.sbs,available,1.54,25.98,medium,low,10,namecheap,,,03/09/2026 23:55
d5cd814e-24d2-4b0f-9b05-ed8249a5c3a5,differed.sbs,available,1.54,25.98,medium,low,8,namecheap,,,20/09/2026 05:03
c82c71b1-d150-4eb8-bf54-4af35ffb123b,dallas.sbs,premium,195,390,high,low,6,namecheap,,,25/09/2026 04:35
7d1e7e1e-ea21-4b22-a9c5-ce36b3048077,penrose.sbs,premium,59.71,119.23,medium,low,7,spaceship,,,29/09/2026 04:22
744c0270-b42c-4632-8866-cdbbd68ac15b,wares.sbs,available,1.99,16.27,medium,low,5,dynadot,,,30/09/2026 20:59
51079ce1-afcc-4d0f-978c-5befcd4d374f,sluicing.sbs,available,1.54,25.98,medium,low,8,namecheap,,,10/09/2026 11:31
986df004-b5ba-470b-b4b6-9ed64ac17dd0,handkerchief.sbs,available,0.97,15.73,high,low,12,spaceship,,,30/09/2026 06:03
32cc51cb-79c7-4c8d-ac9d-1e095ab88c36,unadorned.sbs,available,1.54,25.98,medium,low,9,namecheap,,,11/09/2026 23:54
9d5faccd-9db3-439e-bfcd-95f885aea2ca,karim.sbs,premium,310.7,621.2,medium,low,5,spaceship,,,29/09/2026 03:37
c03221d1-4fd2-48f6-8229-5b8c743ccd0c,schumacher.sbs,premium,43.65,86.77,high,low,10,porkbun,,,27/09/2026 19:51
1aae96fd-2831-4fd5-8106-178a3693af23,snappish.sbs,available,1.54,25.98,high,medium,8,namecheap,,,10/09/2026 12:18
323685d7-7c59-4f68-af27-ad3f022b4de1,shoreward.sbs,available,1.54,25.98,medium,low,9,namecheap,,,22/08/2026 07:00
d68bfdf8-b0e5-4147-b2d3-b3a2f7234724,nsf.sbs,premium,195,390,high,low,3,namecheap,,,28/09/2026 10:31
5501444b-5a8c-4804-93be-85c1fa4b7ba0,protocols.sbs,available,1.88,19.49,medium,low,9,namesilo,,,19/09/2026 04:47
b0d08c4f-267a-450e-aa03-8a14955cdfc2,tycoon.sbs,premium,384,768,high,low,6,namesilo,,,23/09/2026 14:18
0e710eea-1366-4450-8525-f5be1b2b7329,satiated.sbs,available,1.54,25.98,medium,low,8,namecheap,,,09/09/2026 21:39
4bf72049-2ff9-4546-bbe8-be077bac67be,gutless.sbs,available,1.54,25.98,medium,low,7,namecheap,,,20/08/2026 21:12
251e0dbb-a0bb-47e8-a0f5-af25a7cfeaa7,adit.sbs,premium,384,768,medium,low,4,namesilo,,,17/09/2026 08:21
ec458edf-39d2-48b9-b685-43c12a4fb339,lofty.sbs,premium,384,768,high,low,5,namesilo,,,17/08/2026 15:42
1b706a55-f367-4d75-bbf5-bdbc76174833,savory.sbs,premium,384,768,high,low,6,namesilo,,,25/08/2026 08:48
06f1b544-d044-4c03-b801-0b2949416918,altering.sbs,available,1.54,25.98,high,low,8,namecheap,,,18/09/2026 14:47
0f254e3b-4640-481e-b9a4-1138095ccc8c,prying.sbs,available,1.54,25.98,medium,low,6,namecheap,,,03/09/2026 21:52
2bdf7868-8fdd-429f-8d6d-874c2a6fdfe3,ungentle.sbs,available,1.54,25.98,medium,low,8,namecheap,,,12/09/2026 11:11
e9928b0c-828f-4921-81f9-c06ab886b1a3,conspiracy.sbs,premium,63.25,126.5,high,low,10,dynadot,,,29/09/2026 11:13
eaa97ce4-a4e7-4ed3-aad0-c97c69d22452,forwarding.sbs,available,1.54,15.96,high,low,10,porkbun,,,30/09/2026 09:44
6fb0cba6-ba7f-4e99-914a-1cfe7b50e513,prices.sbs,premium,309.4,618.8,medium,low,6,namecheap,,,
61a86cb1-6cb4-48e5-82e0-4c2ac5dc7609,coke.sbs,premium,384,768,high,low,4,namesilo,,,27/09/2026 03:32
04bd82cc-a046-401b-acea-514314987cca,canvas.sbs,premium,384,768,high,medium,6,namesilo,,,24/09/2026 12:10
18e11f7f-b227-472d-997e-46023f0e14e2,unsaved.sbs,available,1.54,25.98,medium,low,7,namecheap,,,12/09/2026 17:57
863f8a5c-b87c-4cf0-b370-861615aa4e26,flats.sbs,premium,384,768,high,low,5,namesilo,,,29/09/2026 12:22
7778f652-aa38-4f41-848b-97cd97c403c5,calendars.sbs,premium,51.35,102.7,medium,low,9,namecheap,,,16/09/2026 19:52
55109220-9833-4a7b-a831-ebe2eea38dfe,special.sbs,premium,192,384,high,low,7,namesilo,,,24/09/2026 15:16
1b58286b-8fd2-473d-a728-c12cf85834bd,dealings.sbs,available,0.97,15.73,high,low,8,spaceship,,,29/09/2026 18:35
e9fbc959-7ce2-4cf2-8d43-cfdd93745709,seldom.sbs,available,1.54,25.98,high,low,6,namecheap,,,15/09/2026 22:34
08cb3974-81bf-42e3-9423-c71ac9df77ae,copy.sbs,premium,384,768,high,low,4,namesilo,,,29/09/2026 11:34
c6c8f7a3-6089-4b7a-a20d-658b590f3aab,barbacan.sbs,available,1.88,19.49,medium,low,8,namesilo,,,22/09/2026 04:19
95df2eb1-f011-409b-a80a-87e443400136,interval.sbs,premium,59.71,119.23,high,low,8,spaceship,,,29/09/2026 13:09
9cd8c0e0-efb7-4aaf-9e6b-04080c85b3f1,gardener.sbs,premium,68.43,147.2,medium,low,8,namesilo,,,28/09/2026 09:51
6af408b4-8a65-4f86-8126-1ac74baad83a,singly.sbs,available,1.54,25.98,medium,low,6,namecheap,,,15/09/2026 08:03
9e8020a4-f13b-4a79-b79d-e17a7a28e05b,roadster.sbs,premium,46.61,94.8,high,low,8,namesilo,,,11/08/2026 08:06
21858d6f-2c36-45f3-b3f8-c4f829429909,coefficient.sbs,available,1.88,19.49,high,low,11,namesilo,,,30/09/2026 23:49
cebfcaad-bb72-43b1-b464-72b12a22ade4,listless.sbs,available,1.54,25.98,medium,low,8,namecheap,,,14/08/2026 12:00
06939cc7-9e32-47a3-b6ad-7f3735373951,digby.sbs,premium,384,768,high,low,5,namesilo,,,29/09/2026 15:01
179e9df2-c752-4e8d-8d5d-5e2ecf62abeb,atv.sbs,premium,384,768,high,low,3,namesilo,,,29/09/2026 21:49
bb8974c3-4d0f-43d8-ba3f-c52a240eb63c,theatrical.sbs,premium,192,384,high,low,10,namesilo,,,11/09/2026 12:33
99bdcecc-daa1-428e-98eb-a7e7fe4244c4,carson.sbs,premium,310.7,621.2,high,low,6,spaceship,,,28/09/2026 01:36
dcff8015-26f5-42fb-803d-0698f8fcba49,isp.sbs,premium,310.7,621.2,high,low,3,spaceship,,,29/09/2026 20:49
fe26c5df-b745-44ef-ba1f-eaa15660b863,ableism.sbs,available,1.88,19.49,medium,low,7,namesilo,,,16/09/2026 16:10
dbc258d6-50e5-47ab-b4a8-389ae6b88eb9,fantasies.sbs,premium,195,390,low,low,9,namecheap,,,28/09/2026 23:52
9f4e8bfd-537b-481f-bd73-a0945d9b7813,beduin.sbs,available,1.88,19.49,high,low,6,namesilo,,,22/09/2026 23:27
4cf16fba-fd54-4bcc-9613-3e85e9bc681c,platform.sbs,premium,68.43,147.2,high,medium,8,namesilo,,,29/09/2026 12:02
fd414a2f-a877-4ffc-8817-706a6852ceef,havoc.sbs,premium,310.7,621.2,high,low,5,spaceship,,,30/09/2026 10:05
9f0ffae9-b3f6-4176-8f3b-8f9cee967fb2,milanese.sbs,available,1.54,25.98,medium,low,8,namecheap,,,24/08/2026 22:53
dddbd843-ed1c-4a09-bcb5-9573defd83b3,letters.sbs,premium,155.45,310.7,high,low,7,spaceship,,,30/09/2026 02:50
6279cd50-94c3-4646-94be-74cce611effc,appetency.sbs,available,1.88,19.49,medium,low,9,namesilo,,,19/09/2026 20:43
2f1adcf7-bc89-4b27-b605-a1529a1be016,unsuitable.sbs,premium,68.43,147.2,medium,low,10,namesilo,,,22/08/2026 00:19
8c062a7c-f04c-4ac5-a96b-35b8afa0b463,churchill.sbs,premium,328.02,655.52,medium,low,9,porkbun,,,28/09/2026 18:44
90292315-a5e2-4e0b-ab05-bd30cdc67a0e,remember.sbs,premium,68.43,147.2,high,low,8,namesilo,,,30/09/2026 09:10
7aeba93b-602c-41b9-bd11-273d24d31fef,selling.sbs,premium,192,384,high,low,7,namesilo,,,25/09/2026 09:15
165c8cb2-796e-42b1-b0f7-0bb0ae4b0670,pouched.sbs,available,1.54,25.98,high,medium,7,namecheap,,,09/09/2026 00:55
cde514cd-3bc6-4c47-9026-d6e7eeecf34b,ftc.sbs,premium,155.45,310.7,medium,low,3,spaceship,,,28/09/2026 14:08
47c0c02a-c836-426d-baae-7ee53b1fae0e,mnemonic.sbs,available,1.54,25.98,high,low,8,namecheap,,,25/08/2026 02:12
f8dacb10-8b86-4dbd-887c-29d0d0459e05,flightless.sbs,available,1.54,25.98,medium,low,10,namecheap,,,18/08/2026 08:09
1458a9da-9fc0-40d1-a2e1-b960f3375fa5,thirtieth.sbs,available,1.54,25.98,medium,low,9,namecheap,,,
c7afb291-08a3-4a49-9bf8-a4f8fcfe0364,fletcher.sbs,premium,43.65,86.77,high,low,8,porkbun,,,30/09/2026 09:40
a49e6612-759d-4fbd-b86c-bfbfeb7911b9,unlighted.sbs,available,1.54,25.98,medium,low,9,namecheap,,,12/09/2026 13:01
a0e14446-67dd-4265-9a47-09c9a4d17407,rosy.sbs,premium,46.61,94.8,high,low,4,namesilo,,,18/08/2026 09:27
740b39ec-cdeb-4c49-b64d-02cb01b62039,mismatched.sbs,available,1.54,25.98,medium,low,10,namecheap,,,25/08/2026 01:36
d0aa44c6-c497-49e0-99e7-aeae172a13bc,ahorseback.sbs,available,1.54,25.98,medium,low,10,namecheap,,,
553ac1af-76d8-4f8e-af0c-a2426252c133,level.sbs,premium,384,768,high,medium,5,namesilo,,,24/09/2026 15:32
61cf1449-5d78-4767-8334-09bf1e256d4c,ariled.sbs,available,1.54,25.98,medium,low,6,namecheap,,,06/08/2026 19:09
d50f80a9-bcc5-44f6-abce-b3132957f7d5,honorific.sbs,available,1.54,25.98,medium,low,9,namecheap,,,21/08/2026 13:32
147fea7a-eba2-4700-aad9-c77e42c6d37c,adore.sbs,premium,384,768,high,low,5,namesilo,,,29/09/2026 08:22
b9dcec3d-8976-49a0-8349-83ab683539d2,pomerania.sbs,available,0.97,15.73,medium,low,9,spaceship,,,29/09/2026 09:31
005dddd3-1663-4926-bb54-5d6277d17e4f,balancer.sbs,premium,390,780,medium,low,8,namecheap,,,21/09/2026 20:52
b11708c0-eaa6-4c77-958c-5c25fb341d1f,beauchamp.sbs,premium,46.61,94.8,low,low,9,namesilo,,,29/09/2026 05:52
ddcebca7-7876-4e00-9a8b-233fa00a5844,anointing.sbs,available,1.88,19.49,medium,low,9,namesilo,,,19/09/2026 11:19
a295e2e5-b7cb-448f-923b-d8b6c892b54a,eastward.sbs,premium,68.43,147.2,high,low,8,namesilo,,,14/08/2026 22:48
8348c180-051a-425c-a7b2-6408d20e5711,blissfully.sbs,available,1.54,25.98,high,low,10,namecheap,,,14/09/2026 00:23
3a5dd96e-7312-4f5e-87df-2d7f607c1f64,clubby.sbs,available,1.54,25.98,medium,low,6,namecheap,,,12/08/2026 11:19
bb92783d-df58-4579-b85a-08274a61e0bd,witchcraft.sbs,available,1.88,19.49,high,low,10,namesilo,,,28/09/2026 11:06
b3f50680-d0f2-49fb-aa60-7e4519c6ff4e,herbert.sbs,premium,46.61,94.8,high,low,7,namesilo,,,28/09/2026 10:02
b25b53a0-de77-44b9-ad59-46315e00a7a7,osmanli.sbs,available,1.54,25.98,medium,low,7,namecheap,,,04/09/2026 18:41
c724c79a-bfa0-4847-afd4-3d63708c38b1,glaser.sbs,premium,390,780,high,low,6,namecheap,,,30/09/2026 01:21
0d9ae171-163d-49a4-be54-7e36be25c474,backspacer.sbs,available,1.88,19.49,medium,low,10,namesilo,,,21/09/2026 16:02
d6ca0667-0a0c-40e2-b7b0-0ccb7c066cb0,embarrassed.sbs,available,1.88,19.49,medium,low,11,namesilo,,,27/09/2026 06:32
596d057c-249d-4032-affd-5e0dbc5610c6,aleut.sbs,available,1.54,25.98,high,low,5,namecheap,,,
3cb274dc-d4cf-49a7-b474-31f779220b2e,moonfish.sbs,available,1.54,25.98,medium,low,8,namecheap,,,20/09/2026 21:37
d744084e-a96f-490a-a066-718b89e0ff21,rucksack.sbs,premium,74.06,98.75,high,low,8,name.com,,,21/09/2026 14:41
613532c3-c019-44c4-bc95-4ce14c49ae27,chamberlin.sbs,premium,384,768,high,low,10,namesilo,,,29/09/2026 21:39
90985de4-d51e-467a-b1a1-868c10f84346,semisweet.sbs,available,1.54,25.98,medium,low,9,namecheap,,,10/09/2026 03:29
d341963b-60f7-471a-b5f3-d2d9b191c1fc,mutagenic.sbs,available,1.54,25.98,medium,low,9,namecheap,,,03/09/2026 11:37
2583b845-7c28-47f4-a718-c65eca469076,beans.sbs,premium,46.61,94.8,high,low,5,namesilo,,,24/09/2026 08:26
d6fa4de3-c616-4138-86e0-71d6462feb2a,indisposed.sbs,available,1.54,25.98,medium,low,10,namecheap,,,
31c1f079-c25c-457a-8d42-7e7a4ad17340,snub.sbs,premium,384,768,high,medium,4,namesilo,,,10/09/2026 12:47
62e97264-332a-4ea3-9bbe-630101a5c03c,twinned.sbs,available,1.54,25.98,high,low,7,namecheap,,,24/08/2026 16:58
195a3844-4c15-4b3c-b070-a31a577596eb,ballyrag.sbs,available,1.54,25.98,medium,low,8,namecheap,,,11/08/2026 08:57
e0fb5e8a-cc03-430b-a83d-da8791e71583,hdl.sbs,premium,68.43,147.2,high,low,3,namesilo,,,18/09/2026 13:33
014a0048-a547-4d72-af06-c99ae1f3b2e9,happened.sbs,available,1.54,25.98,medium,low,8,namecheap,,,25/09/2026 20:05
95be07e8-c146-4e33-890b-cdbae467d3f9,sumbody.sbs,available,1.49,,low,low,7,name.com,,,
48509374-44f9-450f-84c0-c5f1a4955bd8,decline.sbs,available,1.99,16.27,medium,low,7,dynadot,,,28/09/2026 13:52
2189a951-59c7-4810-a828-38ccdcc3d0a0,whittier.sbs,premium,59.71,119.23,medium,low,8,spaceship,,,28/09/2026 10:10
5512027e-7024-4e21-b00a-28a626cf5e43,irascible.sbs,available,1.54,25.98,medium,low,9,namecheap,,,21/08/2026 14:18
946fe8ff-a50c-4fe9-8a04-8da21abe4d32,assonance.sbs,available,1.88,19.49,medium,low,9,namesilo,,,20/09/2026 16:32
c8482635-e703-441d-8106-e1c51866e3d1,egyptian.sbs,premium,74.75,149.5,high,low,8,namecheap,,,15/08/2026 19:52
180c60c8-10ce-400a-b3d5-b451da6ade89,antifreeze.sbs,available,1.99,31.99,medium,low,10,name.com,,,19/09/2026 14:23
3de43213-1648-4d9e-a9a3-c3e14ed2e7f2,permeable.sbs,available,1.54,25.98,medium,low,9,namecheap,,,08/09/2026 17:36
270c40ff-4806-4302-b61a-16cd3623779c,alexandre.sbs,premium,43.45,86.9,high,low,9,dynadot,,,27/09/2026 20:05
77270d76-a690-4c58-bbf1-b1a82b7d152e,unorthodox.sbs,available,1.54,25.98,high,low,10,namecheap,,,24/08/2026 17:44
a4366d9d-eebe-43e7-88c1-c43ec03ddfcc,mayer.sbs,premium,384,768,high,low,5,namesilo,,,25/09/2026 09:10
e2337e9b-49dd-4692-96b0-61d2933bc257,jumper.sbs,premium,384,768,medium,low,6,namesilo,,,29/09/2026 01:28
7580868d-a20f-4c5c-85bb-8ef69458d03f,miles.sbs,premium,281.25,375,high,low,5,name.com,,,25/09/2026 17:17
030c39f9-8c69-45f5-8997-549417dba6be,christoph.sbs,available,1.99,16.27,medium,low,9,dynadot,,,28/09/2026 12:39
12d4fc8a-f2f5-48f8-ab9a-3c5c5f43ffba,incite.sbs,premium,384,768,high,low,6,namesilo,,,09/09/2026 03:18
ce93d2f4-2017-41f0-85ca-7583acb6a1f2,tacitus.sbs,available,0.97,15.73,high,low,7,spaceship,,,29/09/2026 07:01
5a8f5e50-62e6-485d-bd8c-cf07293c9e0f,modishly.sbs,available,1.54,25.98,medium,low,8,namecheap,,,15/09/2026 15:15
1ebc7f4b-b935-48fb-bc6d-60c223d47f28,fulfilling.sbs,available,0.97,15.73,high,low,10,spaceship,,,29/09/2026 21:22
ce15fdda-147a-45d0-be14-0f10e77d40ad,intention.sbs,available,1.54,25.98,high,low,9,namecheap,,,22/08/2026 07:55
52467f36-cd16-4855-994c-576a86966ac0,recovered.sbs,available,1.54,25.98,high,low,9,namecheap,,,13/08/2026 11:06
91db0cd2-faea-4a23-a14d-d6b9259f1de7,shrieking.sbs,available,1.54,25.98,medium,low,9,namecheap,,,09/09/2026 23:55
c1790915-ce80-4bff-b9d9-2f9c6e6e7c2d,goal.sbs,premium,384,768,high,low,4,namesilo,,,29/09/2026 14:09
6d492ac8-040c-4450-be79-4a69825d914a,mast.sbs,premium,10.55,20.9,high,low,4,spaceship,,,29/09/2026 19:37
dadd6202-19fd-4912-8abc-deb50267ca4c,jeweled.sbs,available,1.54,25.98,high,low,7,namecheap,,,18/08/2026 21:10
1fda42af-f17d-4f61-a20b-e4d2c6c0411a,sinaloa.sbs,premium,68.43,147.2,medium,low,7,namesilo,,,30/09/2026 05:06
348fbf99-d587-4bf3-a29b-429ef9cfe6ab,quarantine.sbs,premium,68.43,147.2,medium,low,10,namesilo,,,28/09/2026 15:10
dcdc674c-8697-4551-aa13-84363b2e4641,importantly.sbs,available,1.49,,medium,low,11,name.com,,,
7246c4ae-507d-46dc-a21b-40f57e579bfc,oaten.sbs,available,1.54,25.98,medium,low,5,namecheap,,,03/09/2026 23:28
914f2315-19f6-4ff1-bc98-9dce5330f016,unscathed.sbs,available,1.54,25.98,high,low,9,namecheap,,,12/09/2026 12:03
b0c777b6-960f-4d6b-beda-3f4f2612489f,callous.sbs,premium,68.43,147.2,medium,low,7,namesilo,,,11/08/2026 14:30
33e10fec-8514-418f-a87c-c4de7378e712,choked.sbs,available,1.54,25.98,medium,low,6,namecheap,,,12/08/2026 06:39
8ec964de-b5db-4a5c-8c29-df7c967506e8,valmy.sbs,available,1.88,19.49,medium,low,5,namesilo,,,22/09/2026 16:13
55f6fb66-d8d4-418a-906a-e1d8d7041f00,interstate.sbs,premium,68.43,147.2,high,low,10,namesilo,,,25/09/2026 10:24
d046963e-0c40-4928-b59b-f8dcd5215209,orderly.sbs,available,1.54,25.98,high,low,7,namecheap,,,03/09/2026 14:34
d7b3c9b0-515a-454d-a9f9-6d8436836cab,anatidae.sbs,available,1.54,25.98,medium,low,8,namecheap,,,19/09/2026 03:26
492ce3e4-f175-4d68-bc5c-2d1025bee7d5,garlic.sbs,premium,330,660,high,low,6,dynadot,,,28/09/2026 19:27
fed93363-325b-4d72-a7dc-252f83acb969,nonviolent.sbs,available,1.54,25.98,high,low,10,namecheap,,,03/09/2026 21:04
49352f7e-95cc-4a2a-8f5a-d9a939ceb83f,intimidate.sbs,available,0.97,15.73,high,low,10,spaceship,,,29/09/2026 20:44
f1c1ddfe-28a6-4c31-afae-79c5e9197586,fruits.sbs,premium,384,768,high,low,6,namesilo,,,17/09/2026 12:52
e96a4cad-583d-47fe-a3cb-be184c80a70f,adroitly.sbs,available,1.54,25.98,medium,low,8,namecheap,,,13/09/2026 17:25
f3485b13-c112-4019-995c-3e8449d146b7,regret.sbs,premium,390,780,high,low,6,namecheap,,,30/09/2026 09:24
4dd2bf35-4b30-40d8-b063-504cf7405bb3,tilefish.sbs,available,1.88,19.49,medium,low,8,namesilo,,,24/09/2026 04:04
c2a5be90-0d5c-4fb7-9e60-b2800bc9a008,satellite.sbs,premium,68.43,147.2,high,low,9,namesilo,,,09/09/2026 21:34
a8809b87-1e04-44f5-bfe9-14eda57dc170,heavier.sbs,premium,59.71,119.23,medium,low,7,spaceship,,,29/09/2026 04:51
1673b129-6c51-42ab-8ffc-6ba22bd8f199,integral.sbs,resell,,,high,low,8,Dynadot Inc,04/02/2026 13:37,04/02/2027 23:59,26/09/2026 06:54
ad52cd4b-1953-4ec5-aff9-a953e075faa6,lugubrious.sbs,available,1.54,25.98,medium,low,10,namecheap,,,24/08/2026 11:04
4a2b5485-1952-42ae-bc49-317212384716,convolute.sbs,available,1.54,25.98,medium,low,9,namecheap,,,12/08/2026 23:57
c1900e83-131f-473b-afbd-1f56ceefdf7a,moment.sbs,premium,384,768,high,low,6,namesilo,,,29/09/2026 22:41
71ea32bb-15c3-4400-8001-203f3a77be59,stemmed.sbs,available,1.54,25.98,medium,low,7,namecheap,,,11/08/2026 22:33
d6046038-708e-43b7-af00-c96bbce8045d,harvey.sbs,premium,384,768,high,high,6,namesilo,,,25/09/2026 07:02
eda8e8ca-a95c-4bd7-a641-6b3730f99826,medals.sbs,premium,384,768,high,low,6,namesilo,,,
7bb85959-54ea-4a7c-a975-76bc7b82c7eb,unchewable.sbs,available,1.54,25.98,high,medium,10,namecheap,,,10/09/2026 08:18
8eb48d32-0a7f-47aa-b24c-d2b2b2c19302,quiesce.sbs,available,1.54,25.98,medium,low,7,namecheap,,,09/09/2026 08:52
c8ce3bab-38ff-475e-adba-26e7a5c199f8,unfit.sbs,available,1.54,25.98,medium,low,5,namecheap,,,12/09/2026 10:23
f1ce025b-ad41-4259-9d98-80374dc2986b,sharpened.sbs,available,1.54,25.98,high,medium,9,namecheap,,,10/09/2026 06:03
1747f644-0ead-4b49-a661-b390692c11e4,peed.sbs,premium,11.8,23.6,medium,low,4,namesilo,,,18/09/2026 08:17
583543bc-f1ce-4610-af57-2586a8c7b6b9,behavior.sbs,premium,68.43,147.2,high,low,8,namesilo,,,23/09/2026 03:06
6bd5d446-aed8-45e3-a10b-683f13409c09,vascular.sbs,available,1.54,25.98,medium,low,8,namecheap,,,13/09/2026 01:33
c1927259-69d7-4a21-bb9e-00be71af0ebb,litigious.sbs,available,1.54,25.98,medium,low,9,namecheap,,,12/08/2026 18:31
0aae2b3f-d3b0-43cd-9602-a872ad6fa9bd,sufficient.sbs,available,1.54,15.96,high,low,10,porkbun,,,28/09/2026 01:52
6336a5af-cb96-4c05-80b2-684be39d0c85,pricing.sbs,premium,63.3,126.07,high,low,7,porkbun,,,30/09/2026 07:19
8bf97889-4e46-4859-bc26-af406b1a2bf5,drowned.sbs,available,1.88,19.49,medium,low,7,namesilo,,,27/09/2026 22:47
661fa608-c1e3-4126-9405-e2632222cc58,flatter.sbs,available,1.99,16.27,high,low,7,dynadot,,,29/09/2026 08:22
51c365ad-dbbb-4551-abd3-629ae912d5ef,taproom.sbs,premium,68.43,147.2,high,low,7,namesilo,,,22/09/2026 03:42
972da6f1-d60f-43b8-bcac-f6dccd0893a4,started.sbs,premium,192,384,high,low,7,namesilo,,,18/09/2026 11:27
8742710c-72f5-4983-a8bb-c4fd770c44f4,armpit.sbs,premium,390,780,high,low,6,namecheap,,,20/09/2026 07:34
a67dc49b-a9ca-4ac2-bf62-c38e9d7ce0c0,wafers.sbs,available,1.88,19.49,medium,low,6,namesilo,,,20/09/2026 21:54
e87ce0d5-737e-45cb-bb0b-f731b3011e4e,remains.sbs,available,1.54,25.98,medium,low,7,namecheap,,,27/09/2026 03:27
c2e6a3f8-19f3-4353-98ed-c76d971ea7e4,ionic.sbs,premium,384,768,high,low,5,namesilo,,,22/08/2026 09:29
20c0702b-cd04-4fb7-94f8-dc88fe5cb259,dignified.sbs,available,1.88,19.49,high,low,9,namesilo,,,24/09/2026 08:18
53255e14-0d99-43b6-bee1-b9db8beaf9e1,cadent.sbs,available,1.54,25.98,medium,low,6,namecheap,,,11/08/2026 12:48
cdebbbee-b2cf-4b46-a990-b678daaeecfd,vietnamese.sbs,premium,192,384,high,low,10,namesilo,,,13/09/2026 05:32
d9864f78-ea80-4842-a9ab-48784e305d0c,unstrung.sbs,available,1.54,25.98,medium,low,8,namecheap,,,12/09/2026 20:39
b3046b87-1fbf-4c7c-a4be-21af3f9ea27b,californian.sbs,premium,32.45,65.45,high,low,11,namesilo,,,
52c6005a-4a4a-4ba8-a5cb-427fe39cbf9f,provable.sbs,available,1.54,25.98,high,low,8,namecheap,,,09/09/2026 04:24
c7744f05-19ed-4212-aecd-e0cad06718d2,lawson.sbs,premium,390,780,high,low,6,namecheap,,,25/09/2026 12:31
ffe478bc-2e87-44e1-ac1b-6840ea040d67,corners.sbs,available,0.97,15.73,low,low,7,spaceship,,,28/09/2026 08:44
9a38000f-0263-4cf8-b79f-7668dc8b31e1,thinkable.sbs,available,1.54,25.98,high,low,9,namecheap,,,11/09/2026 13:28
6ebf6766-dd76-47f3-af66-f4b1dee410bb,phonemic.sbs,available,1.54,25.98,medium,low,8,namecheap,,,08/09/2026 19:02
ef3a90d8-b62c-4a37-ad34-6edb7ac40edc,telugu.sbs,available,1.99,16.27,high,low,6,dynadot,,,29/09/2026 20:30
0d320bb1-91da-46b7-9b7a-5a6e0364e884,orchard.sbs,premium,63.3,126.07,high,low,7,porkbun,,,29/09/2026 01:46
6ffdc081-be25-4551-be1e-85c2ee22fd29,quadrilateral.sbs,available,1.54,25.98,medium,low,13,namecheap,,,30/09/2026 19:15
f9f8c1c7-6f5a-4d3e-9839-64e2713e6880,acridid.sbs,available,1.88,19.49,medium,low,7,namesilo,,,17/09/2026 02:59
568a9a0f-6174-4594-a54e-242bd1fd9986,harold.sbs,premium,141.44,282.88,high,low,6,namesilo,,,
67b8dbc2-48a0-4800-973a-4107ea1920e4,caparison.sbs,available,1.54,25.98,medium,low,9,namecheap,,,22/09/2026 05:11
d084cf62-f635-4eb3-84de-7a02263df68c,stumps.sbs,available,1.49,,medium,low,6,name.com,,,
b522f47f-5969-4a2c-af68-67f6fed6a108,disgusted.sbs,available,1.54,25.98,medium,low,9,namecheap,,,14/08/2026 10:30
3b6b7e66-af69-496c-b07e-94faf1609d53,disaster.sbs,premium,74.75,149.5,high,low,8,namecheap,,,24/09/2026 11:38
580be065-8bb7-4df7-b098-2a0555e30311,stepmother.sbs,available,1.54,15.96,high,low,10,porkbun,,,30/09/2026 11:59
379fee35-d082-46ac-923e-170232e8d306,seismic.sbs,available,1.54,25.98,high,low,7,namecheap,,,10/09/2026 01:52
c23105cf-6b96-44b8-90f7-15f673eee058,barnyard.sbs,available,1.88,19.49,high,low,8,namesilo,,,22/09/2026 06:58
aa58641b-4efd-4104-991f-d2783560d2dd,month.sbs,premium,310.7,621.2,high,low,5,spaceship,,,29/09/2026 05:48
b7dd3b1b-fe64-45e9-81d7-be8585aac36d,pop.sbs,premium,384,768,high,medium,3,namesilo,,,24/09/2026 11:55
11b366d8-982d-4ab8-9a07-76389f87ec2a,archaeologist.sbs,available,0.97,15.73,high,low,13,spaceship,,,30/09/2026 11:33
f425e074-9a55-44b6-a79a-69662a37f2c4,skinless.sbs,available,1.54,25.98,medium,low,8,namecheap,,,10/09/2026 09:42
4edadbd2-e164-44c7-824f-f32d7a393a08,pictorials.sbs,available,1.88,19.49,medium,low,10,namesilo,,,20/09/2026 12:53
2cd72b98-2c68-4110-8399-1bbe5f224dd1,medina.sbs,premium,384,768,high,low,6,namesilo,,,18/09/2026 01:29
68223d2d-8e3c-4fc8-af63-9104f5d4225f,thebes.sbs,available,0.97,15.73,medium,low,6,spaceship,,,28/09/2026 11:00
5d8575b2-1a54-4e16-bdde-5f910aa8b2cb,captivity.sbs,available,1.88,19.49,high,low,9,namesilo,,,29/09/2026 11:51
c57a1ea3-1f7d-49c4-ac92-9e3fee5eed57,sst.sbs,premium,155.45,310.7,high,low,3,spaceship,,,29/09/2026 21:43
d872592f-1046-4bb9-bf74-caacb2bc8e8c,darling.sbs,premium,192,384,high,low,7,namesilo,,,09/08/2026 13:48
16009418-5de5-4a48-a1a7-5d06c6542e38,catarrhal.sbs,available,1.54,25.98,medium,low,9,namecheap,,,11/08/2026 21:09
3c55bb97-30aa-42bf-b4dd-e1858c3ef8aa,repression.sbs,available,1.54,25.98,medium,low,10,namecheap,,,01/10/2026 03:28
6228e4d7-c13f-4b21-9b27-851053a2c212,zdv.sbs,premium,192,384,medium,low,3,namesilo,,,21/09/2026 11:32
81e77d2d-7905-42d0-bf1a-aa7ecbacfad1,ignoring.sbs,available,1.88,19.49,medium,low,8,namesilo,,,28/09/2026 11:32
ded6c55d-eb7c-4bc0-ae42-8ac8f72dfde6,adient.sbs,available,1.54,25.98,medium,low,6,namecheap,,,
cf547a01-4a5d-4439-99fa-52c4b3f18193,retaliation.sbs,available,1.88,19.49,medium,low,11,namesilo,,,29/09/2026 23:02
b61764a9-9577-47ab-a283-b16edd554a03,rocha.sbs,premium,192,384,high,low,5,namesilo,,,30/09/2026 13:48
1389ca8d-0f7f-40b8-b989-f4361f5abd34,rockbound.sbs,available,1.54,25.98,medium,low,9,namecheap,,,09/09/2026 18:10
59bdb0a4-500c-4fcb-afb8-12b794399788,armiger.sbs,available,1.88,19.49,medium,low,7,namesilo,,,20/09/2026 06:59
928c73bf-f035-4f75-8d80-462b32cd75e9,meteoric.sbs,available,1.54,25.98,high,low,8,namecheap,,,24/08/2026 21:53
4a2321bc-ea3f-4738-9292-46c3def3c11c,loopy.sbs,available,,,medium,low,5,,,,
1abda29e-a5d7-4519-96a8-4de3b1ea9bf1,bitis.sbs,available,1.54,25.98,medium,low,5,namecheap,,,23/09/2026 22:37
90096947-75c1-4fc4-afb9-39b942574b2a,housing.sbs,premium,192,384,high,low,7,namesilo,,,24/09/2026 12:13
02a2f7fd-d172-4b24-baf0-7275eb6b9b0f,redeemed.sbs,premium,68.43,147.2,high,medium,8,namesilo,,,09/09/2026 10:22
631a272d-0339-44fe-8f26-739c9bc45ed7,eliminated.sbs,available,1.54,25.98,medium,low,10,namecheap,,,28/09/2026 17:04
bfca0577-8178-42d3-88c8-d58761242d2e,sage.sbs,premium,46.61,94.8,high,medium,4,namesilo,,,19/09/2026 15:42
8e1cf73d-a731-4d2d-8179-3f0a352ea81b,banks.sbs,premium,384,768,high,low,5,namesilo,,,22/09/2026 02:52
cafbb45d-6364-498f-a148-f837c787d089,aleatory.sbs,available,1.54,25.98,medium,low,8,namecheap,,,
24d3b0cd-688d-4cb3-8b7b-fffac91a3410,mao.sbs,premium,310.7,621.2,high,low,3,spaceship,,,30/09/2026 03:52
4b3c9e60-e7a4-43a5-88aa-98b444b4bd71,behring.sbs,available,1.88,19.49,high,low,7,namesilo,,,23/09/2026 04:03
af73e8fe-f669-4a90-a5b1-495a44d78976,windmills.sbs,available,1.88,19.49,medium,low,9,namesilo,,,20/09/2026 13:55
e6de504e-2b77-4793-a6c3-a7eafac4f7e3,hacker.sbs,premium,390,780,high,medium,6,namecheap,,,24/09/2026 20:44
5e2b22a5-37dd-4d59-8a1c-b488da643938,batavia.sbs,premium,43.45,86.9,high,low,7,dynadot,,,27/09/2026 18:11
c15cf12b-bf0a-406c-b290-ad667a1f8785,suppliers.sbs,premium,68.43,147.2,medium,low,9,namesilo,,,01/10/2026 00:17
f5e9ae37-5946-4891-bae9-1ae424a22b3e,fluid.sbs,premium,384,768,high,low,5,namesilo,,,18/08/2026 09:14
b8c70182-fcdd-4dda-8665-bd344cc157a0,twenties.sbs,available,1.88,19.49,high,low,8,namesilo,,,16/09/2026 12:09
2526e84e-d1e9-4c3b-8405-2a1a1804a299,tipsy.sbs,premium,384,768,high,low,5,namesilo,,,11/09/2026 15:38
6d662ceb-778a-4465-80db-0ee08d53157a,matai.sbs,available,1.88,19.49,high,low,5,namesilo,,,24/09/2026 01:23
87c01866-61e9-4dcb-9686-9cf06c81d72a,smelly.sbs,available,1.54,25.98,medium,low,6,namecheap,,,18/08/2026 02:31
ca763915-8f04-46b2-8b25-f99d79410363,commonweal.sbs,available,1.49,,high,low,11,name.com,,,
e29795d1-c6a6-477f-af24-1dbe99cf5a60,substance.sbs,premium,68.43,147.2,high,low,9,namesilo,,,14/09/2026 23:41
05697ffe-daf7-4e10-a392-fbddb06c0e2e,dualistic.sbs,available,1.54,25.98,medium,low,9,namecheap,,,14/08/2026 20:40
4c118044-d643-4877-96c7-8906635f619a,arranging.sbs,premium,192,384,high,low,9,namesilo,,,20/09/2026 08:47
2f7b7419-7f31-4fc1-bef0-1364c7eb1cb0,screwball.sbs,available,1.54,25.98,medium,low,9,namecheap,,,20/08/2026 22:30
ce3f3699-fa1e-49d7-8efb-bed1de4bb967,markus.sbs,premium,328.02,655.52,high,low,6,porkbun,,,28/09/2026 21:58
88637941-8b2d-4c60-90b6-3210c2713110,wearing.sbs,available,1.54,25.98,medium,low,7,namecheap,,,11/09/2026 16:26
efd96626-4088-475c-8a2e-543d4980debd,equine.sbs,available,1.54,25.98,high,low,6,namecheap,,,17/08/2026 11:45
5ab2ad56-d77f-4ff7-bd8c-bbe1a6c0002c,airdock.sbs,available,1.88,19.49,medium,low,7,namesilo,,,17/09/2026 23:04
602d2eed-cff9-4e33-844a-f3954bc9575d,gibson.sbs,premium,51.35,102.7,high,low,6,namecheap,,,18/09/2026 14:55
13b28806-23b1-4609-949c-55225e7cacc7,germicide.sbs,available,1.54,25.98,medium,low,9,namecheap,,,
393fa44e-6fe6-4d65-8711-58735b410a6b,tunisian.sbs,premium,74.75,149.5,medium,low,8,namecheap,,,11/09/2026 21:09
4a5ca362-5840-4094-87b5-416612ab5076,prudent.sbs,available,1.88,19.49,high,low,7,namesilo,,,27/09/2026 07:54
0c67dd23-18b1-4ede-8133-bfe4cbf44d2a,wheaton.sbs,premium,192,384,high,low,7,namesilo,,,28/09/2026 07:32
2b9ef07d-b6ab-44bd-a050-5918ff7f0de4,unguarded.sbs,available,1.54,25.98,medium,low,9,namecheap,,,12/09/2026 11:39
51920213-b61a-4e2b-b696-2ccccee0352a,rounded.sbs,available,1.54,25.98,high,low,7,namecheap,,,19/09/2026 15:40
5c6245f7-f828-4b7c-aff1-28258c4af42d,damon.sbs,premium,328.02,655.52,medium,low,5,porkbun,,,28/09/2026 18:52
effe0590-9024-43a6-be64-8a5c6ba9aeaf,impressed.sbs,available,1.49,,high,low,9,name.com,,,
4600ebdb-2c59-456e-9fa6-36b23879129f,admirable.sbs,premium,68.43,147.2,high,low,9,namesilo,,,21/09/2026 18:46
a9046156-d83b-4c7c-84f7-9ad1c61ee546,engineering.sbs,premium,59.71,119.23,high,low,11,spaceship,,,30/09/2026 01:32
e173eb13-f1f2-4912-9a22-28e309eb58d1,cleanup.sbs,premium,192,384,high,low,7,namesilo,,,12/08/2026 10:26
fe00b564-ee54-4688-93ee-06278193d310,airs.sbs,premium,46.61,94.8,high,low,4,namesilo,,,17/09/2026 23:21
57f5d462-90cc-4426-8c5b-7029bb2b192c,intensify.sbs,available,1.54,25.98,high,low,9,namecheap,,,12/08/2026 19:29
8707a43e-71b8-4775-abc4-4b4190cc7bcc,examined.sbs,available,0.97,15.73,medium,low,8,spaceship,,,28/09/2026 08:42
a795ba6a-4b40-412d-b9d5-2f104548f2e4,foreigner.sbs,premium,192,384,high,low,9,namesilo,,,
deaf99ab-9b2a-4d13-a3dc-cfd4f7c3b29b,roots.sbs,premium,310.7,621.2,high,low,5,spaceship,,,30/09/2026 10:25
626fe3ae-0e4a-41d1-8ac1-4bba3ed8da13,irreverent.sbs,available,1.54,25.98,medium,low,10,namecheap,,,20/08/2026 16:04
3a782eb5-fbe1-47c2-ac1e-a58a69e39339,archway.sbs,available,1.88,19.49,high,low,7,namesilo,,,20/09/2026 02:39
8f236f24-0536-4bc2-b680-67cde2033739,grinding.sbs,available,0.97,15.73,medium,low,8,spaceship,,,28/09/2026 19:23
298f8ea7-e6dd-477b-bb55-14c6f4339b76,taut.sbs,premium,384,768,high,low,4,namesilo,,,11/09/2026 09:17
fe04d8e0-2885-4689-8550-fc92c808a8ca,schematic.sbs,available,1.54,25.98,high,low,9,namecheap,,,09/09/2026 23:02
005dedb6-4b58-4d10-9dc4-dd15c9547de2,partition.sbs,available,1.54,15.96,high,low,9,porkbun,,,30/09/2026 10:49
175e9cde-8937-4f6b-9a65-3cc7dda4bc4c,jonesboro.sbs,premium,68.43,147.2,high,low,9,namesilo,,,01/10/2026 02:47
fd279b48-acb3-462c-9d82-807fe2cd3aa2,atop.sbs,premium,41.08,81.97,medium,low,4,spaceship,,,28/09/2026 13:10
bcc8c4a7-e0f9-4c83-882a-83b01fb04855,baths.sbs,premium,384,768,high,low,5,namesilo,,,28/09/2026 23:22
32eaa161-e84d-4554-90fb-c5e94c5fa535,backblast.sbs,available,1.88,19.49,medium,low,9,namesilo,,,21/09/2026 14:26
4bad71b5-7654-4da9-b93c-2b114150e817,congregation.sbs,premium,68.43,147.2,high,low,12,namesilo,,,
b00e6e1c-0bfe-44e8-b4d5-393213568148,occupations.sbs,premium,192,384,medium,low,11,namesilo,,,16/09/2026 10:00
2d15f737-1e56-4519-8c48-27b22f22b75f,bey.sbs,premium,192,384,medium,low,3,namesilo,,,23/09/2026 12:10
e11687d4-130d-40a6-8904-e304fff69046,granular.sbs,available,1.54,25.98,medium,low,8,namecheap,,,12/08/2026 06:52
8ea0694a-be13-4a74-bff8-3f47f9a3931d,intersex.sbs,available,1.54,25.98,high,low,8,namecheap,,,17/08/2026 10:33
5454a019-0d2a-4fe1-9d52-12098ee1defe,tillers.sbs,available,1.54,25.98,medium,low,7,namecheap,,,20/09/2026 14:06
bb7a6520-4115-404e-8ca8-83eb1eb1bd8a,thwart.sbs,premium,384,768,medium,low,6,namesilo,,,09/09/2026 08:15
50fbbd95-a949-4267-b65a-5c734e0d3c75,manner.sbs,premium,310.7,621.2,high,low,6,spaceship,,,28/09/2026 16:42
f701d88b-8303-47eb-ab31-4acb09eb8925,liverpool.sbs,premium,155.45,310.7,high,low,9,spaceship,,,29/09/2026 07:29
76a9ec33-9c6a-40ba-bd9a-dbd0c31f449c,atom.sbs,premium,384,768,high,medium,4,namesilo,,,20/09/2026 21:53
94b96d66-0e0d-453a-abe0-494ef58e5829,peerless.sbs,available,1.54,25.98,high,low,8,namecheap,,,24/08/2026 17:04
db313d32-a192-4b55-b215-823b8d58efb8,mad.sbs,premium,384,768,high,medium,3,namesilo,,,23/09/2026 02:06
a06a99e3-3e00-4623-a862-8724019a213a,akimbo.sbs,available,1.54,25.98,medium,low,6,namecheap,,,
cd97e7ff-51fe-401b-bbc1-b51a831f4b0c,expert.sbs,premium,384,768,high,low,6,namesilo,,,28/09/2026 06:38
f6d41cf2-0230-4c43-97ff-ded4ae8bb8fb,plumbing.sbs,premium,68.43,147.2,high,low,8,namesilo,,,22/09/2026 13:57
49cca88c-d5ec-4239-bd84-54eeb9ac5ee8,mixologist.sbs,premium,192,384,medium,low,10,namesilo,,,22/09/2026 06:27
8563facd-996a-43a6-ac39-a02d3e36394f,black.sbs,premium,390,780,high,medium,5,namecheap,,,22/09/2026 21:16
d068fa19-5e9a-47a0-b952-f57b63ad4b44,cometic.sbs,available,1.54,25.98,medium,low,7,namecheap,,,12/08/2026 18:58
b0f96d9f-26d8-478b-b348-f56319431813,pbs.sbs,premium,384,768,high,low,3,namesilo,,,25/09/2026 09:49
5490231a-0f56-4a61-bc1c-401eb7955595,asm.sbs,premium,155.45,310.7,high,low,3,spaceship,,,30/09/2026 06:15
10eccbc1-eb3a-473f-b693-d5b406671837,exclaims.sbs,available,1.88,19.49,medium,low,8,namesilo,,,19/09/2026 23:36
9ede7bde-0519-4ec8-91fa-78207ea278df,revocable.sbs,available,1.54,25.98,medium,low,9,namecheap,,,09/09/2026 16:21
b315c3ab-17fc-4fb2-8d3a-9bdf7a19e8fe,specializing.sbs,available,1.88,19.49,medium,low,12,namesilo,,,20/09/2026 06:01
89761f91-e642-4382-8668-9839190089c1,cellular.sbs,premium,68.43,147.2,high,low,8,namesilo,,,11/08/2026 23:32
69cb09b2-81e1-41eb-83db-5343deb85f39,fixtures.sbs,available,1.88,19.49,medium,low,8,namesilo,,,30/09/2026 00:04
f217b68b-e506-4123-a3a5-c124e905caa8,androgen.sbs,available,1.88,19.49,medium,low,8,namesilo,,,19/09/2026 04:53
6eec51f7-124a-4702-9db4-33321c96d545,arthur.sbs,premium,384,768,high,low,6,namesilo,,,20/09/2026 10:45
5da6f1ea-e47f-4e8b-a2be-f3502e86c5e5,exigent.sbs,available,1.54,25.98,medium,low,7,namecheap,,,13/08/2026 09:31
e6eb6852-89b6-4ef9-9bcd-6bd934853329,claire.sbs,premium,46.61,94.8,high,low,6,namesilo,,,01/10/2026 01:01
ad7b6dec-5f50-4e0e-a9f0-e468fdc52519,relating.sbs,premium,38.5,77,high,low,8,namecheap,,,
bb8bc8a3-c61e-45ac-850f-dc74e4770ac9,latch.sbs,premium,310.7,621.2,high,low,5,spaceship,,,30/09/2026 09:22
290bd48b-425e-4f21-b7db-a56749004859,mellon.sbs,premium,390,780,high,low,6,namecheap,,,19/09/2026 04:48
c00ad442-7924-4a4d-ba1e-f81593ea84a4,stingless.sbs,available,1.54,25.98,medium,low,9,namecheap,,,10/09/2026 20:48
4affc821-ae3d-4f66-bea9-a2d60af88f10,custom.sbs,premium,310.7,621.2,high,low,6,spaceship,,,28/09/2026 06:31
f21b3061-b22f-45b0-9caf-850ba8d38e02,liqueur.sbs,available,1.54,25.98,high,low,7,namecheap,,,13/08/2026 01:02
fb9c3f88-2fcd-465f-a6d8-0344f5b81901,lucille.sbs,premium,68.43,147.2,medium,low,7,namesilo,,,28/09/2026 21:59
c299419a-c860-4fb6-84a1-9d90af5d0444,barra.sbs,premium,310.7,621.2,high,low,5,spaceship,,,30/09/2026 19:26
05a878ca-b2d8-4b87-a18e-e2bf84cf180a,localized.sbs,available,1.54,25.98,high,low,9,namecheap,,,24/08/2026 08:45
a1727506-5185-4002-9b72-9fb6cc036f12,downpour.sbs,available,1.88,19.49,high,low,8,namesilo,,,24/09/2026 16:02
698a3f36-8da8-4cbe-aee4-5e8465dd7243,neilson.sbs,premium,59.71,119.23,medium,low,7,spaceship,,,29/09/2026 22:20
343ba50c-76cb-4f24-bf36-a37f22e8263b,dac.sbs,premium,384,768,high,low,3,namesilo,,,30/09/2026 12:44
29555ad4-43d3-4060-9a1f-4b12d9227d75,weighing.sbs,available,1.88,19.49,high,low,8,namesilo,,,17/09/2026 11:27
46285a42-9fe7-4be2-8e0e-99486a3c5072,vigor.sbs,premium,310.7,621.2,high,low,5,spaceship,,,29/09/2026 22:25
b37df753-c8b7-40c5-95f4-8fba80a7df9a,fern.sbs,premium,41.08,81.97,high,low,4,spaceship,,,29/09/2026 00:53
244a003c-9344-4885-962f-dd0fc715ff46,offense.sbs,available,1.54,25.98,high,low,7,namecheap,,,04/09/2026 01:32
69841e01-72f8-42b2-8056-c9eb23972a61,biol.sbs,premium,13,26,high,low,4,namecheap,,,29/09/2026 16:48
5cded6d2-1b1b-4edc-a410-6bd79b262a72,goonie.sbs,available,1.54,25.98,medium,low,6,namecheap,,,23/09/2026 23:45
0b0ad9ba-77e7-4ac5-8ed5-f9b2f9d881ef,composer.sbs,premium,68.43,147.2,high,low,8,namesilo,,,24/09/2026 16:53
88b637be-31c3-49f1-b3ff-bf5582ad1481,bounder.sbs,available,1.88,19.49,medium,low,7,namesilo,,,24/09/2026 02:20
6097eb8b-c20d-465f-b7bb-14e7db5dce81,graffiti.sbs,premium,59.71,119.23,high,low,8,spaceship,,,29/09/2026 12:57
c5f22d73-cb24-46bd-8ca4-e8f764300fe1,batna.sbs,premium,384,768,medium,low,5,namesilo,,,22/09/2026 14:06
b4bca8ca-8d4f-4eb9-893d-c48606772f2d,gerber.sbs,premium,310.7,621.2,high,low,6,spaceship,,,29/09/2026 09:42
7a35f4d0-e4ba-42ee-8972-57dc461fc38e,gaudi.sbs,premium,384,768,medium,low,5,namesilo,,,19/09/2026 15:36
f15fcc6f-d1ca-4b26-832d-9c863fdb8e06,theirs.sbs,available,,,medium,low,6,,,,
362356bb-0a73-4641-ae42-5fb0356f2748,barnburner.sbs,available,1.88,19.49,medium,low,10,namesilo,,,22/09/2026 06:49
a253ff5f-9ee0-4bd0-8708-cb41673245d3,glossy.sbs,available,1.54,25.98,high,low,6,namecheap,,,11/08/2026 14:10
c2c5eda9-6586-4296-8adf-7f9d02ebe291,protocol.sbs,premium,384,768,high,low,8,namesilo,,,24/09/2026 16:37
b721ff80-0d8f-4953-a4bc-76087fb6fef8,agile.sbs,premium,384,768,high,medium,5,namesilo,,,21/09/2026 23:00
47c7065e-dd5f-4999-928c-de77754ae0db,mandy.sbs,premium,310.7,621.2,medium,low,5,spaceship,,,28/09/2026 17:34
e7f6dedc-7f1e-46ae-857a-aa30aab8718e,heliacal.sbs,available,1.54,25.98,medium,low,8,namecheap,,,21/08/2026 06:23
3fa89b93-e25e-4c33-8097-35fac4283b24,timbered.sbs,available,1.54,25.98,medium,low,8,namecheap,,,11/09/2026 15:59
0ca1ad2a-15fa-45aa-bdd9-5918768b5b42,doubles.sbs,premium,59.71,119.23,high,low,7,spaceship,,,28/09/2026 18:58
23e57522-ee00-4d80-9984-fb082e09ff66,protected.sbs,premium,68.43,147.2,high,low,9,namesilo,,,27/09/2026 07:42
b0e8c49d-0a25-47bc-aced-1c76d4a139b4,humic.sbs,available,1.54,25.98,medium,low,5,namecheap,,,21/08/2026 15:14
1f07dd26-4aa5-4ea6-a1f1-27356f33ad30,murderer.sbs,available,1.88,19.49,medium,low,8,namesilo,,,25/09/2026 08:59
475a060a-882b-4562-acdc-f0bb980d770f,bikers.sbs,premium,390,780,high,low,6,namecheap,,,23/09/2026 15:36
e835e1b6-ba94-4bc4-89fd-744b8ce6f4fd,sleekly.sbs,available,1.54,25.98,medium,low,7,namecheap,,,16/09/2026 02:30
2e41f9af-c1ec-41c4-bdc0-8b7c27b6e085,populous.sbs,premium,384,768,high,low,8,namesilo,,,08/09/2026 23:57
25580acb-3aa3-4320-a55d-f429bccf4f1c,persecuted.sbs,available,1.88,19.49,low,low,10,namesilo,,,30/09/2026 06:36
13869442-738b-4dca-b1a3-e76a8e9ffff9,motherly.sbs,available,1.54,25.98,high,low,8,namecheap,,,25/08/2026 07:06
5998efeb-6f88-4502-8a26-53bb9279b18d,codified.sbs,available,1.54,25.98,medium,low,8,namecheap,,,12/08/2026 15:19
60af3e2a-ace4-4bb9-a288-5d565471c74b,crafts.sbs,premium,384,768,medium,low,6,namesilo,,,19/09/2026 02:50
1343a84a-f843-4113-8655-bc480c446cb6,onward.sbs,premium,384,768,high,low,6,namesilo,,,14/09/2026 19:49
73db40ad-ac6b-48d9-af17-99cea61a31ca,aquatics.sbs,premium,68.43,147.2,high,low,8,namesilo,,,19/09/2026 23:08
b047b6dc-8530-4820-bbb9-7861026e07a3,assessment.sbs,premium,74.75,149.5,high,low,10,namecheap,,,28/09/2026 06:37
08a218d1-af0c-4104-a1d7-f1819763cd3f,relay.sbs,premium,384,768,high,medium,5,namesilo,,,28/09/2026 09:35
f1b2bc60-1741-43db-948e-fb165414a7aa,ringing.sbs,premium,68.43,147.2,high,low,7,namesilo,,,27/09/2026 05:00
ae8b1d8d-a2e9-41a7-b82a-ddf651a71eed,remnant.sbs,available,1.54,25.98,high,low,7,namecheap,,,22/08/2026 22:50
d20124f2-74bb-4513-98e3-1a5750cca52c,tub.sbs,premium,384,768,high,low,3,namesilo,,,29/09/2026 01:33
6aab2365-f723-4604-995a-196aa24918bd,snout.sbs,available,1.99,16.27,high,low,5,dynadot,,,30/09/2026 01:54
71d3cc49-65e2-4f1b-aef9-365e9c1b1dd1,demented.sbs,available,1.54,25.98,medium,low,8,namecheap,,,11/08/2026 01:46
21eab436-55bb-46ca-b11c-191989a99d80,academism.sbs,available,1.54,25.98,medium,low,9,namecheap,,,16/09/2026 20:23
49d427ce-4101-4671-b27b-f6e1f313d100,upload.sbs,premium,310.7,621.2,high,low,6,spaceship,,,01/10/2026 04:31
c03c30fe-b797-44c5-9032-93b00b1396be,bighearted.sbs,available,1.54,25.98,high,low,10,namecheap,,,09/08/2026 20:48
4c4063b4-4e66-4394-8c78-5882c37b593f,treated.sbs,premium,192,384,high,low,7,namesilo,,,11/09/2026 10:52
454ab0b3-a3db-4fa1-9a8a-f9df387ffc4a,outcrop.sbs,available,0.97,15.73,high,low,7,spaceship,,,01/10/2026 03:11
6c8817c9-896a-4a60-9788-767d9801eaa2,cruisers.sbs,premium,68.43,147.2,medium,low,8,namesilo,,,01/10/2026 00:40
43dcc353-b9d4-4c19-93ab-e293dea88b6e,fatally.sbs,available,1.54,25.98,medium,low,7,namecheap,,,14/09/2026 17:51
10673ade-aaea-4568-baf1-d0ac622dae1c,obstructed.sbs,available,1.54,25.98,medium,low,10,namecheap,,,04/09/2026 00:05
5f8cb469-3fd5-403d-8f4b-a22949f11aba,angel.sbs,premium,310.7,621.2,high,medium,5,spaceship,,,28/09/2026 21:23
436749fb-eee8-458c-b2ca-07bbc6b8babd,quiver.sbs,premium,390,780,high,low,6,namecheap,,,11/09/2026 19:13
efd32be3-f094-40e0-a05b-311690a14a5d,eared.sbs,available,1.54,25.98,medium,low,5,namecheap,,,14/08/2026 14:39
161bd30f-8347-4c30-97c2-f85c6cfe5387,fungoid.sbs,available,1.54,25.98,medium,low,7,namecheap,,,18/08/2026 18:37
41ca4603-153c-4d18-9e0e-9e721d0d25fa,nosy.sbs,premium,11.8,23.6,medium,low,4,namesilo,,,03/09/2026 21:48
bbeda105-533f-4dbd-819a-8695832e5af0,aids.sbs,premium,390,780,medium,low,4,namecheap,,,28/09/2026 17:52
66a203c3-5d37-4dc1-b807-5b6f635dac7d,colvin.sbs,premium,390,780,medium,low,6,namecheap,,,29/09/2026 22:39
e9b4f7ac-f1ae-4ae1-bff1-f12a563d9c72,tubes.sbs,premium,384,768,medium,low,5,namesilo,,,20/09/2026 00:50
0c4d4c7f-8a61-47d9-af5c-1c4336f3e41f,photographic.sbs,premium,74.75,149.5,high,low,12,namecheap,,,28/09/2026 21:08
5eea7b86-caa0-4b70-b681-7f31e542b374,branchless.sbs,available,1.54,25.98,medium,low,10,namecheap,,,11/08/2026 02:21
2449ff33-5b2a-45b9-a68f-5ce5730d0920,titanium.sbs,premium,68.43,147.2,high,low,8,namesilo,,,20/09/2026 22:34
3315584d-3562-4c6e-9296-a24e3267105f,beefburger.sbs,available,1.88,19.49,medium,low,10,namesilo,,,23/09/2026 01:04
4795a828-8702-4d1e-90a8-db555781e668,desecrated.sbs,available,1.54,25.98,medium,low,10,namecheap,,,14/08/2026 03:18
b3551a17-0d83-4349-a895-70d9f0b77a88,stevens.sbs,premium,384,768,high,low,7,namesilo,,,25/09/2026 06:30
4bb26c71-bb28-4337-990e-5400dc8e097d,asylum.sbs,premium,390,780,high,low,6,namecheap,,,20/09/2026 18:37
95760709-afaa-4b70-9cb6-8e491ced960c,nearest.sbs,premium,155.45,310.7,medium,low,7,spaceship,,,28/09/2026 14:05
cfa6bde4-483a-4c84-9a9a-8b59e5907f4f,abruzzi.sbs,available,1.88,19.49,medium,low,7,namesilo,,,16/09/2026 17:28
0ffadef0-389a-475e-9c01-0e06e43c6040,panty.sbs,premium,384,768,high,low,5,namesilo,,,09/09/2026 22:42
2794c5f7-ace8-412d-b295-dc3daea311d6,angas.sbs,available,1.88,19.49,medium,low,5,namesilo,,,19/09/2026 05:46
f9941275-0607-4218-9661-ab12d6112f9b,pepin.sbs,premium,384,768,high,low,5,namesilo,,,01/10/2026 03:18
6a208ae6-7ff1-4b34-9c20-daf96cda6350,recital.sbs,available,0.97,15.73,high,low,7,spaceship,,,29/09/2026 02:00
76029ef7-b5fd-4da1-afd0-10b2b05f1abd,export.sbs,premium,390,780,high,low,6,namecheap,,,29/09/2026 18:42
66ec1839-a4d0-4324-9a9d-4164e2679e2f,epochal.sbs,available,1.54,25.98,high,low,7,namecheap,,,17/08/2026 11:24
64cce6f3-bfb8-467c-9b5b-adbd944087f6,albee.sbs,premium,384,768,medium,low,5,namesilo,,,18/09/2026 02:31
d7194e3f-8508-428b-a095-be108762df02,banian.sbs,available,1.88,19.49,medium,low,6,namesilo,,,22/09/2026 02:05
500d4524-fd9e-4e1b-9010-b3e1a1282c5c,eroded.sbs,available,1.54,25.98,medium,low,6,namecheap,,,17/08/2026 12:24
6d490978-3921-40f9-89aa-c79fb451b70c,flexing.sbs,available,1.49,,high,low,7,name.com,,,
f7d6aa31-f8d7-475f-8742-4b9eddc38bfe,metcalfe.sbs,premium,59.71,119.23,high,low,8,spaceship,,,29/09/2026 17:48
aac9a84e-6d0b-4964-937b-23bbace73a1e,caliginous.sbs,available,1.54,25.98,low,low,10,namecheap,,,11/08/2026 14:25
6bc9ec40-3d92-49ed-90fc-a353a98ceb50,puppy.sbs,premium,310.7,621.2,high,low,5,spaceship,,,27/09/2026 15:27
c2825b48-7231-4a94-9319-1be6153cb6d0,brinjal.sbs,available,1.88,19.49,high,low,7,namesilo,,,21/09/2026 02:34
f6f64da8-96c2-4b18-97d9-fd024fba1ea9,citrin.sbs,premium,390,780,high,low,6,namecheap,,,23/09/2026 18:00
5c1e6703-3a9d-45b9-968c-5b13129e4c1c,copeland.sbs,premium,46.61,94.8,high,low,8,namesilo,,,27/09/2026 07:52
d4e7d84b-8642-4dff-bbbd-f9d7d1691a56,magical.sbs,premium,68.43,147.2,high,low,7,namesilo,,,25/09/2026 16:07
b5c27df3-1e7a-49f6-bb23-44bdbc38b603,scrapper.sbs,premium,68.43,147.2,medium,low,8,namesilo,,,09/08/2026 13:35
e6ed16be-01a5-446a-ac39-e8d1eafcbdc8,tellurian.sbs,available,1.54,25.98,medium,low,9,namecheap,,,11/09/2026 10:37
86a7ab5e-d24d-451e-bed3-7dcbfc575b57,arnhem.sbs,premium,68.43,147.2,medium,low,6,namesilo,,,20/09/2026 08:09
a6cefcc6-f3ca-415e-9cf0-7107621fd5ce,xvii.sbs,premium,11.8,23.6,medium,low,4,namesilo,,,21/09/2026 11:53
b3333b5a-ba50-4a6c-b187-d302560ea9c7,ashir.sbs,available,1.88,19.49,medium,low,5,namesilo,,,20/09/2026 13:53
c095d51a-e0e6-4b18-83bf-7359bff6e406,bph.sbs,premium,192,384,high,low,3,namesilo,,,23/09/2026 08:07
1694aa8c-4069-4100-aab6-eaa33a036e6e,mineral.sbs,premium,68.43,147.2,high,low,7,namesilo,,,08/09/2026 16:39
a2d217b8-0b7e-4bd2-81cf-de109a410336,bahreini.sbs,available,1.54,25.98,medium,low,8,namecheap,,,08/08/2026 08:41
641c5b71-cd8f-471b-94b6-447866a80914,whisper.sbs,premium,192,384,high,low,7,namesilo,,,13/09/2026 11:38
722526aa-2fa8-4b3b-9bfa-5359093aec2f,barrette.sbs,premium,68.43,147.2,medium,low,8,namesilo,,,22/09/2026 08:28
b2e4e948-30c5-4618-9bb5-aa0e1ad7d506,subscription.sbs,premium,63.3,126.07,high,low,12,porkbun,,,29/09/2026 04:41
232f6620-178d-45d6-9c40-6a0d4a795f5c,medic.sbs,premium,384,768,high,low,5,namesilo,,,29/09/2026 19:38
66717d84-28a4-45a3-bc70-b224d3a600a3,donovan.sbs,premium,155.45,310.7,high,low,7,spaceship,,,28/09/2026 16:02
954e98a8-9a3c-4d4d-921b-6e334eca3eef,jos.sbs,premium,165,330,medium,low,3,dynadot,,,29/09/2026 03:35
095a5f9e-96d7-48cd-9cee-cc11286b6d32,pluto.sbs,premium,390,780,high,low,5,namecheap,,,17/09/2026 20:47
5aaba6aa-1274-4e67-ad1d-c62a3a68ee8f,orchestra.sbs,premium,155.45,310.7,high,low,9,spaceship,,,30/09/2026 06:11
9c5c9d21-a3e2-47e0-b5d8-4cd9dbf51df1,skipper.sbs,premium,310.7,621.2,high,low,7,spaceship,,,28/09/2026 03:03
bd14ea02-00e4-4ba6-8808-b08bd507ae51,capital.sbs,premium,384,768,high,medium,7,namesilo,,,01/10/2026 03:01
1d9dca30-9b9d-4195-b3fb-43ea2cb3e9a4,molar.sbs,available,1.54,25.98,high,low,5,namecheap,,,25/08/2026 03:38
608f6a4a-d476-4cf8-91a4-35165b5fbb6e,instructed.sbs,available,1.99,16.27,medium,low,10,dynadot,,,28/09/2026 04:56
b2d93681-a054-43c4-b748-bfdb32748c0a,purse.sbs,premium,384,768,high,low,5,namesilo,,,25/09/2026 23:04
7fbd7b71-cdf7-4808-9502-21b727202dcf,fordham.sbs,premium,51.35,102.7,medium,low,7,namecheap,,,27/09/2026 07:54
567a82f8-2377-4f5f-a164-921785df15fe,barilla.sbs,premium,384,768,high,medium,7,namesilo,,,22/09/2026 05:52
1ec25715-1451-4291-9b23-301101c38e5b,receptive.sbs,premium,68.43,147.2,high,low,9,namesilo,,,09/09/2026 11:23
5b534981-eac4-4fdc-aa2b-ae392170d965,february.sbs,premium,621.2,1242.2,high,low,8,spaceship,,,29/09/2026 19:03
af914757-201c-4c5c-9aae-474da7529f3c,firebug.sbs,available,1.54,25.98,medium,low,7,namecheap,,,22/08/2026 00:57
16cfec8b-d635-4637-8890-16f9837e0254,gammy.sbs,available,1.54,25.98,medium,low,5,namecheap,,,18/08/2026 20:04
0d3a49d1-3f52-4331-9c85-5660129f7e4d,hieratic.sbs,available,1.54,25.98,medium,low,8,namecheap,,,21/08/2026 08:24
3edf6098-f62b-40bb-82a7-4e576ef0c0ac,shahn.sbs,available,1.54,25.98,high,low,5,namecheap,,,23/09/2026 07:28
ec38f1ed-9478-46b7-9e51-2ab4c553affd,rumanian.sbs,available,1.54,25.98,high,medium,8,namecheap,,,09/09/2026 18:28
0d25b75a-95d6-4724-b671-f82ae285aabf,very.sbs,premium,390,780,high,low,4,namecheap,,,27/09/2026 09:52
639fcb81-7d84-4902-b728-226f2b3186b3,convolve.sbs,available,1.54,25.98,medium,low,8,namecheap,,,13/08/2026 00:01
599cc4c0-d8e9-4082-b63e-4ed6ab76c07f,kenaf.sbs,available,1.88,19.49,medium,low,5,namesilo,,,23/09/2026 16:55
c0917079-04d4-4415-af30-9ae1c17ff819,section.sbs,premium,192,384,high,low,7,namesilo,,,08/09/2026 06:07
60b6f10c-58fc-4644-be70-0de89a7356af,divorcing.sbs,premium,192,384,low,low,9,namesilo,,,17/09/2026 22:37
ec500a29-a328-4410-8158-af132d10940a,absolution.sbs,premium,195,390,high,low,10,namecheap,,,16/09/2026 17:57
ef2dbe92-e287-4d96-af9d-c12bccdb5f5d,drastic.sbs,available,1.54,25.98,high,low,7,namecheap,,,14/08/2026 18:27
20eed2ac-ec48-40ac-b967-50c658a5fbc8,nasir.sbs,available,1.88,19.49,medium,low,5,namesilo,,,30/09/2026 13:54
66c94249-6465-4685-af79-14b53d2dd6cc,ano.sbs,premium,195,390,high,low,3,namecheap,,,16/09/2026 18:45
2d460bce-0663-40f2-bb65-a2120214fb91,earrings.sbs,premium,68.43,147.2,medium,low,8,namesilo,,,30/09/2026 00:39
ed4f10e1-9a4e-4c96-b80b-7e87b8dcbaec,imports.sbs,available,0.97,15.73,medium,low,7,spaceship,,,01/10/2026 00:34
3ef5cfa6-5ff0-4e7f-9b2d-65316f3118bf,storyboards.sbs,available,1.88,19.49,medium,low,11,namesilo,,,20/09/2026 14:39
240fa47d-b5bb-4c06-bde4-e18f33848219,transformed.sbs,available,0.97,15.73,high,low,11,spaceship,,,29/09/2026 10:35
daa4dc81-5d75-4093-9334-040aacac0d36,adjust.sbs,premium,384,768,high,low,6,namesilo,,,28/09/2026 11:09
a1d99f24-2cd2-41ef-a7a6-134818b30948,russians.sbs,available,1.88,19.49,medium,low,8,namesilo,,,27/09/2026 10:58
08d25d41-f8eb-4686-ac21-d73700991070,ribbing.sbs,available,1.54,25.98,medium,low,7,namecheap,,,11/09/2026 10:01
0714dfdc-4354-432c-8d35-a59b1afd4037,kept.sbs,premium,46.61,94.8,high,low,4,namesilo,,,25/09/2026 12:27
5ded8515-d290-4b51-ac77-d57d37ebe1ad,pernickety.sbs,available,1.54,25.98,medium,low,10,namecheap,,,08/09/2026 17:52
6341ea5c-e527-452a-8f79-bf3f59a394d2,anna.sbs,premium,384,768,high,medium,4,namesilo,,,19/09/2026 09:54
fc80d9ea-cdd6-4f95-aabf-1068028ec2bd,trail.sbs,premium,390,780,high,low,5,namecheap,,,25/09/2026 22:13
4019291c-a4a6-44b3-94bc-a6cd57f069e2,recollection.sbs,available,1.88,19.49,high,low,12,namesilo,,,30/09/2026 14:16
ec00dfea-e3c6-41b4-ba80-7798bdec5376,chary.sbs,available,1.54,25.98,medium,low,5,namecheap,,,12/08/2026 02:59
c7a2234f-1683-4dec-819d-73a41a04be75,barber.sbs,premium,328.02,655.52,high,low,6,porkbun,,,29/09/2026 01:08
352bab5e-8d3f-47ab-a91a-0f7b3f75d688,envious.sbs,available,1.88,19.49,medium,low,7,namesilo,,,24/09/2026 01:02
18e63826-b986-4adc-99b2-0f59d6daea31,thor.sbs,premium,384,768,high,medium,4,namesilo,,,29/09/2026 08:13
e598e5ae-b3c8-4d19-9104-d67dc78cc02d,disrepair.sbs,available,1.54,25.98,medium,low,9,namecheap,,,24/09/2026 23:02
0587f06c-1b40-44c9-ad35-0fbf53f303ef,mind.sbs,premium,390,780,high,medium,4,namecheap,,,24/09/2026 19:19
ea4933fe-cd76-4f7c-a0bd-2d3cbad684e0,nonsocial.sbs,available,1.54,25.98,medium,low,9,namecheap,,,03/09/2026 19:18
7e8a4aac-66bf-4445-89e9-b8e504256b78,kongo.sbs,available,1.8,15.96,high,low,5,porkbun,,,01/10/2026 02:49
98bd0a4a-a320-43a6-99eb-de31dc83c529,artois.sbs,available,1.88,19.49,medium,low,6,namesilo,,,20/09/2026 12:02
6b05d96b-739e-47cf-8327-dfd8f30e3077,plantal.sbs,available,1.54,25.98,medium,low,7,namecheap,,,08/09/2026 20:48
cf96545d-06cc-4449-a740-9ac026266f2b,reindeer.sbs,premium,68.43,147.2,high,low,8,namesilo,,,29/09/2026 06:16
1df9a6dc-9960-444e-8fd7-017efb2d47ed,sleep.sbs,premium,384,768,high,medium,5,namesilo,,,25/09/2026 05:45
90a18c42-871f-48c0-8bc0-4e78014c4c82,begun.sbs,premium,330,660,medium,low,5,dynadot,,,28/09/2026 08:15
47b963f7-545b-4c92-b701-f16eb8a83655,lumpish.sbs,available,1.54,25.98,medium,low,7,namecheap,,,24/08/2026 11:12
0543835c-ba0b-4d16-ade3-d7478f2a4fc2,changer.sbs,available,1.88,19.49,high,low,7,namesilo,,,21/09/2026 05:31
19cfc986-597f-4c90-b5ab-9cc91ca60507,choke.sbs,premium,390,780,medium,low,5,namecheap,,,24/09/2026 14:43
bd0465ef-f275-4ca5-9ba5-c44affc0b35b,nimble.sbs,premium,384,768,high,low,6,namesilo,,,21/09/2026 23:05
980f4014-e821-4596-985d-e1e02ee01aca,imposter.sbs,available,1.54,25.98,medium,low,8,namecheap,,,09/09/2026 04:57
d3f7c8b2-dfa7-4e46-903a-f8779a10f157,semen.sbs,premium,310.7,621.2,medium,low,5,spaceship,,,29/09/2026 18:24
5c326543-8afd-4d8f-ac65-c4212a13cfa2,cosigner.sbs,available,1.54,25.98,medium,low,8,namecheap,,,13/08/2026 02:49
86ab8393-e0f9-41f6-900c-44afd1f391d4,magpie.sbs,premium,384,768,high,low,6,namesilo,,,21/09/2026 12:29
7e04d26d-46df-4995-94f0-b7396249d07c,reflexion.sbs,available,1.54,25.98,high,low,9,namecheap,,,03/09/2026 11:28
c5ab876f-76e9-46e1-9c58-1d1e6db28933,macy.sbs,premium,11,22,medium,low,4,dynadot,,,28/09/2026 22:01
2b4c9503-4421-4da3-ad26-d0330fd2dd6a,designers.sbs,premium,59.71,119.23,high,low,9,spaceship,,,29/09/2026 12:09
005e3e65-d557-4f30-af65-d363d1037d03,mann.sbs,premium,74.06,98.75,high,low,4,name.com,,,25/09/2026 07:33
f084ad2f-aa44-4f24-8a03-4b6b9850f516,almsgiving.sbs,available,1.54,25.98,high,low,10,namecheap,,,18/09/2026 12:43
af0d36c1-7d30-46b3-8de7-62e498e05e0b,roadside.sbs,premium,59.71,119.23,high,low,8,spaceship,,,29/09/2026 13:53
1df39588-1b5a-4b13-9361-b5446f73e729,topologic.sbs,available,1.54,25.98,medium,low,9,namecheap,,,11/09/2026 17:52
2fd00d91-df64-427a-9be2-08e9425ff25c,slug.sbs,premium,384,768,high,low,4,namesilo,,,23/09/2026 13:52
74fb487d-2c10-4235-96d0-e81e8949e257,machining.sbs,premium,155.45,310.7,medium,low,9,spaceship,,,29/09/2026 03:26
ebf3456f-982c-4ec9-82dd-845d284c4cb9,presses.sbs,available,0.97,15.73,medium,low,7,spaceship,,,30/09/2026 00:10
db23778a-6a94-4d0b-8299-78a55a25b405,eliza.sbs,premium,141.44,282.88,high,low,5,namesilo,,,
665ae711-9b96-406d-a633-72ca89259536,restraint.sbs,available,1.88,19.49,medium,low,9,namesilo,,,28/09/2026 18:42
8fb489f0-07e2-494e-8cc2-85ed24fa2491,chemistry.sbs,premium,384,768,high,low,9,namesilo,,,28/09/2026 12:10
9eee44e1-08cd-4623-afb6-3b4a4c9a867e,lxxxv.sbs,available,1.54,25.98,medium,low,5,namecheap,,,
fba69387-8e7e-48f1-84aa-32d8ecf67214,spheroidal.sbs,available,1.54,25.98,medium,low,10,namecheap,,,16/08/2026 05:22
60657ac5-3214-4cd1-82a0-f41abff5ac51,uptill.sbs,available,1.54,25.98,low,low,7,namecheap,,,16/09/2026 20:20
16d88e09-8b0e-482e-86d0-687bdcb1e4b7,alary.sbs,available,1.54,25.98,medium,low,5,namecheap,,,